7710700000.0,-19.4803733826,9.55195331573
7710707500.0,-19.4748077393,9.64346599579
7710715000.0,-19.4766025543,9.66755771637
7710722500.0,-19.483581543,9.72851753235
7710730000.0,-19.4777698517,9.76959991455
7710737500.0,-19.4771404266,9.70952796936
7710745000.0,-19.4698791504,9.77325153351
7710752500.0,-19.4769325256,9.79241466522
7710760000.0,-19.4823074341,9.85031795502
7710767500.0,-19.4799137115,9.84397411346
7710775000.0,-19.4693279266,9.93027496338
7710782500.0,-19.4755439758,9.92140483856
7710790000.0,-19.4740543365,9.97930908203
7710797500.0,-19.4758243561,9.9814453125
7710805000.0,-19.4869670868,10.0448465347
7710812500.0,-19.4764385223,10.0733394623
7710820000.0,-19.4738330841,10.1088161469
7710827500.0,-19.4731426239,10.1266231537
7710835000.0,-19.4775390625,10.158706665
7710842500.0,-19.4745044708,10.1550121307
7710850000.0,-19.4749965668,10.1739292145
7710857500.0,-19.4747085571,10.2502250671
7710865000.0,-19.4755001068,10.3082132339
7710872500.0,-19.4895210266,10.1755208969
7710880000.0,-19.4758548737,10.3089761734
7710887500.0,-19.4758491516,10.3544034958
7710895000.0,-19.4706840515,10.3268785477
7710902500.0,-19.4745750427,10.3485240936
7710910000.0,-19.4792747498,10.3915262222
7710917500.0,-19.4783802032,10.4519367218
7710925000.0,-19.4799308777,10.3896207809
7710932500.0,-19.4796772003,10.4683122635
7710940000.0,-19.4755115509,10.4845781326
7710947500.0,-19.4826507568,10.5419950485
7710955000.0,-19.4805240631,10.5176935196
7710962500.0,-19.4846725464,10.6296491623
7710970000.0,-19.4802417755,10.6729898453
7710977500.0,-19.4805374146,10.6885118484
7710985000.0,-19.4856815338,10.6529693604
7710992500.0,-19.4749832153,10.732673645
7711000000.0,-19.4784355164,10.7005701065
7711007500.0,-19.4738960266,10.8026676178
7711015000.0,-19.4780063629,10.8116493225
7711022500.0,-19.4897937775,10.8494634628
7711030000.0,-19.4816436768,10.9004230499
7711037500.0,-19.4788188934,10.8789682388
7711045000.0,-19.4782657623,10.9167976379
7711052500.0,-19.4852275848,10.9915838242
7711060000.0,-19.481967926,10.9551095963
7711067500.0,-19.4851074219,10.9921989441
7711075000.0,-19.4845523834,10.9457540512
7711082500.0,-19.478509903,11.0505161285
7711090000.0,-19.4803638458,11.0957431793
7711097500.0,-19.4865474701,11.1127643585
7711105000.0,-19.4853191376,11.1251554489
7711112500.0,-19.4853916168,11.1470661163
7711120000.0,-19.4882221222,11.2043676376
7711127500.0,-19.486158371,11.2052145004
7711135000.0,-19.4924640656,11.2671556473
7711142500.0,-19.4840965271,11.3377923965
7711150000.0,-19.4851493835,11.2742681503
7711157500.0,-19.480304718,11.3833675385
7711165000.0,-19.4907245636,11.4194898605
7711172500.0,-19.4801464081,11.3677530289
7711180000.0,-19.4724979401,11.3765354156
7711187500.0,-19.4805278778,11.4788074493
7711195000.0,-19.4830474854,11.4248275757
7711202500.0,-19.4760246277,11.5077848434
7711210000.0,-19.4899940491,11.4995241165
7711217500.0,-19.4857444763,11.5520935059
7711225000.0,-19.4922733307,11.5698575974
7711232500.0,-19.480758667,11.6361675262
7711240000.0,-19.4816226959,11.6294002533
7711247500.0,-19.4811477661,11.6856975555
7711255000.0,-19.4819793701,11.7050962448
7711262500.0,-19.4855957031,11.772102356
7711270000.0,-19.4816074371,11.73412323
7711277500.0,-19.4811515808,11.7850904465
7711285000.0,-19.4783248901,11.802028656
7711292500.0,-19.4914340973,11.766699791
7711300000.0,-19.4830226898,11.8938150406
7711307500.0,-19.4950733185,11.9166460037
7711315000.0,-19.4801292419,11.8964099884
7711322500.0,-19.4769287109,11.9596118927
7711330000.0,-19.4790592194,11.9643716812
7711337500.0,-19.4858913422,12.0090341568
7711345000.0,-19.4885559082,12.0188894272
7711352500.0,-19.4895191193,12.0442790985
7711360000.0,-19.4826545715,12.0778408051
7711367500.0,-19.4965629578,12.0548973083
7711375000.0,-19.4950904846,12.085313797
7711382500.0,-19.4786109924,12.1382932663
7711390000.0,-19.4826660156,12.1947774887
7711397500.0,-19.4904594421,12.1800966263
7711405000.0,-19.4930152893,12.2580871582
7711412500.0,-19.4836730957,12.2683391571
7711420000.0,-19.4892215729,12.2473011017
7711427500.0,-19.4880142212,12.2627296448
7711435000.0,-19.490070343,12.353808403
7711442500.0,-19.486366272,12.3978118896
7711450000.0,-19.4762039185,12.4683666229
7711457500.0,-19.4791603088,12.4232406616
7711465000.0,-19.4882888794,12.4144449234
7711472500.0,-19.4942512512,12.5261592865
7711480000.0,-19.4882583618,12.5074806213
7711487500.0,-19.4893398285,12.5055923462
7711495000.0,-19.4874343872,12.5639038086
7711502500.0,-19.4912395477,12.6043691635
7711510000.0,-19.4879169464,12.6232700348
7711517500.0,-19.4825458527,12.6038217545
7711525000.0,-19.4821071625,12.6683712006
7711532500.0,-19.4855594635,12.7158842087
7711540000.0,-19.4857711792,12.7453765869
7711547500.0,-19.4865512848,12.7214374542
7711555000.0,-19.483549118,12.8455781937
7711562500.0,-19.4895744324,12.8260221481
7711570000.0,-19.4790229797,12.8465042114
7711577500.0,-19.4880924225,12.8275299072
7711585000.0,-19.484790802,12.8797874451
7711592500.0,-19.4930038452,12.8946933746
7711600000.0,-19.4882659912,12.9530239105
7711607500.0,-19.488286972,12.9168434143
7711615000.0,-19.4869441986,13.0504207611
7711622500.0,-19.4781780243,13.0395765305
7711630000.0,-19.4892158508,13.0350027084
7711637500.0,-19.4854755402,13.0995674133
7711645000.0,-19.4923210144,13.1723327637
7711652500.0,-19.4883422852,13.1858577728
7711660000.0,-19.4860496521,13.1846237183
7711667500.0,-19.4928073883,13.2345170975
7711675000.0,-19.4838676453,13.2082519531
7711682500.0,-19.4881877899,13.3093194962
7711690000.0,-19.4986991882,13.2637929916
7711697500.0,-19.4991397858,13.3189487457
7711705000.0,-19.4900894165,13.3016452789
7711712500.0,-19.4903564453,13.3008079529
7711720000.0,-19.48279953,13.4074192047
7711727500.0,-19.492023468,13.373591423
7711735000.0,-19.4913749695,13.4993562698
7711742500.0,-19.4948196411,13.4240350723
7711750000.0,-19.4887924194,13.5584287643
7711757500.0,-19.4928607941,13.4716911316
7711765000.0,-19.4882335663,13.5180435181
7711772500.0,-19.4917621613,13.5436553955
7711780000.0,-19.486574173,13.5223426819
7711787500.0,-19.4919033051,13.6174106598
7711795000.0,-19.4963932037,13.6679649353
7711802500.0,-19.4945812225,13.7007989883
7711810000.0,-19.4927482605,13.7297716141
7711817500.0,-19.4938392639,13.7292690277
7711825000.0,-19.4906921387,13.705915451
7711832500.0,-19.4940166473,13.7791366577
7711840000.0,-19.4911823273,13.7663936615
7711847500.0,-19.488986969,13.7814626694
7711855000.0,-19.4950637817,13.84009552
7711862500.0,-19.4884929657,13.8831539154
7711870000.0,-19.4903526306,13.8856077194
7711877500.0,-19.4962730408,13.9265918732
7711885000.0,-19.4856090546,14.0178022385
7711892500.0,-19.5073814392,14.0139093399
7711900000.0,-19.4958057404,13.9927949905
7711907500.0,-19.4949607849,13.989815712
7711915000.0,-19.5031147003,14.1280326843
7711922500.0,-19.4963188171,14.049407959
7711930000.0,-19.4955730438,14.1214199066
7711937500.0,-19.4976634979,14.1297016144
7711945000.0,-19.4941253662,14.1424245834
7711952500.0,-19.4880943298,14.1853895187
7711960000.0,-19.4908695221,14.1952934265
7711967500.0,-19.4900760651,14.2374267578
7711975000.0,-19.4975528717,14.2942819595
7711982500.0,-19.49842453,14.3195562363
7711990000.0,-19.4981117249,14.3319292068
7711997500.0,-19.4911155701,14.3677473068
7712005000.0,-19.4930419922,14.356420517
7712012500.0,-19.5012683868,14.3888263702
7712020000.0,-19.4956054688,14.4488019943
7712027500.0,-19.4927959442,14.4565629959
7712035000.0,-19.4987430573,14.5210199356
7712042500.0,-19.5011482239,14.5106878281
7712050000.0,-19.4964618683,14.5358066559
7712057500.0,-19.4969425201,14.5828227997
7712065000.0,-19.4921875,14.6286039352
7712072500.0,-19.4985790253,14.6023006439
7712080000.0,-19.4870643616,14.6946582794
7712087500.0,-19.4932250977,14.6582317352
7712095000.0,-19.5064144135,14.6602325439
7712102500.0,-19.4966640472,14.7130146027
7712110000.0,-19.5020675659,14.7902317047
7712117500.0,-19.4958114624,14.7768220901
7712125000.0,-19.4919700623,14.7717504501
7712132500.0,-19.4877872467,14.8211402893
7712140000.0,-19.488822937,14.7852802277
7712147500.0,-19.493812561,14.8303041458
7712155000.0,-19.4934654236,14.8878860474
7712162500.0,-19.4985809326,14.8837518692
7712170000.0,-19.50025177,14.9431667328
7712177500.0,-19.495721817,14.9877490997
7712185000.0,-19.4938621521,15.0138607025
7712192500.0,-19.5017681122,15.096821785
7712200000.0,-19.4949798584,15.0435495377
7712207500.0,-19.4929962158,15.0426120758
7712215000.0,-19.5051345825,15.0761795044
7712222500.0,-19.4902820587,15.1922893524
7712230000.0,-19.4912834167,15.1485328674
7712237500.0,-19.5121212006,15.1541938782
7712245000.0,-19.5021572113,15.2101325989
7712252500.0,-19.5012454987,15.1807031631
7712260000.0,-19.4903736115,15.3117933273
7712267500.0,-19.494846344,15.2372198105
7712275000.0,-19.4901390076,15.330789566
7712282500.0,-19.5005283356,15.2438993454
7712290000.0,-19.4959602356,15.3836984634
7712297500.0,-19.4985046387,15.3616418839
7712305000.0,-19.4993648529,15.377073288
7712312500.0,-19.4964847565,15.3484869003
7712320000.0,-19.5039634705,15.4583282471
7712327500.0,-19.4987850189,15.407207489
7712335000.0,-19.5098171234,15.4965906143
7712342500.0,-19.5022201538,15.5195560455
7712350000.0,-19.5058956146,15.5497112274
7712357500.0,-19.5094356537,15.5977516174
7712365000.0,-19.4958724976,15.6420984268
7712372500.0,-19.4995059967,15.6541519165
7712380000.0,-19.4937000275,15.668305397
7712387500.0,-19.4892559052,15.6811561584
7712395000.0,-19.4982852936,15.707034111
7712402500.0,-19.5082035065,15.7717895508
7712410000.0,-19.4975986481,15.7356786728
7712417500.0,-19.4983825684,15.7627363205
7712425000.0,-19.5109348297,15.8566064835
7712432500.0,-19.5041313171,15.8615179062
7712440000.0,-19.4991474152,15.9167604446
7712447500.0,-19.4927921295,15.8751316071
7712455000.0,-19.5035762787,15.9318962097
7712462500.0,-19.4978313446,15.9299974442
7712470000.0,-19.5062770844,15.987112999
7712477500.0,-19.5103130341,15.9436254501
7712485000.0,-19.4971866608,16.051027298
7712492500.0,-19.5050983429,15.9977321625
7712500000.0,-19.5024852753,16.0878181458
7712507500.0,-19.5024604797,16.1122646332
7712515000.0,-19.5070743561,16.0891227722
7712522500.0,-19.5010089874,16.1009407043
7712530000.0,-19.5090942383,16.2358169556
7712537500.0,-19.5064811707,16.2062778473
7712545000.0,-19.5065002441,16.2229194641
7712552500.0,-19.5186805725,16.2516708374
7712560000.0,-19.5008087158,16.3288478851
7712567500.0,-19.5065002441,16.2448062897
7712575000.0,-19.4973258972,16.214799881
7712582500.0,-19.5032310486,16.3305397034
7712590000.0,-19.5024681091,16.3198051453
7712597500.0,-19.4953918457,16.4534988403
7712605000.0,-19.5051136017,16.4903469086
7712612500.0,-19.5078544617,16.4595909119
7712620000.0,-19.4999675751,16.4913082123
7712627500.0,-19.507976532,16.4706363678
7712635000.0,-19.513010025,16.5395927429
7712642500.0,-19.5084266663,16.5080165863
7712650000.0,-19.4986286163,16.5878314972
7712657500.0,-19.5036277771,16.5796108246
7712665000.0,-19.506483078,16.6295871735
7712672500.0,-19.5102176666,16.6739139557
7712680000.0,-19.504114151,16.7195243835
7712687500.0,-19.5055942535,16.7070446014
7712695000.0,-19.5035076141,16.6368713379
7712702500.0,-19.5130310059,16.6711864471
7712710000.0,-19.4991836548,16.7595691681
7712717500.0,-19.5026397705,16.7829589844
7712725000.0,-19.5069637299,16.8534126282
7712732500.0,-19.5139579773,16.905412674
7712740000.0,-19.5141925812,16.8573265076
7712747500.0,-19.4996128082,16.8592624664
7712755000.0,-19.5138244629,16.9313907623
7712762500.0,-19.5089740753,16.9559459686
7712770000.0,-19.509683609,16.9874324799
7712777500.0,-19.5065402985,16.9569301605
7712785000.0,-19.5220832825,16.9926986694
7712792500.0,-19.5034618378,17.0565757751
7712800000.0,-19.5178318024,17.0864639282
7712807500.0,-19.5145797729,17.0401611328
7712815000.0,-19.5162677765,17.1226100922
7712822500.0,-19.5073604584,17.1342792511
7712830000.0,-19.5118923187,17.154794693
7712837500.0,-19.5045642853,17.1953105927
7712845000.0,-19.5047111511,17.2361392975
7712852500.0,-19.5085468292,17.2365760803
7712860000.0,-19.514799118,17.2130432129
7712867500.0,-19.507642746,17.278547287
7712875000.0,-19.5096092224,17.2947673798
7712882500.0,-19.517036438,17.328245163
7712890000.0,-19.5128746033,17.3678569794
7712897500.0,-19.5042152405,17.4067077637
7712905000.0,-19.4966106415,17.3699607849
7712912500.0,-19.5056228638,17.4329051971
7712920000.0,-19.5104160309,17.4477710724
7712927500.0,-19.5044403076,17.462430954
7712935000.0,-19.5138015747,17.5457763672
7712942500.0,-19.5108146667,17.5471248627
7712950000.0,-19.5149478912,17.5380859375
7712957500.0,-19.5143127441,17.5660877228
7712965000.0,-19.505563736,17.5832557678
7712972500.0,-19.5117855072,17.6449241638
7712980000.0,-19.5077877045,17.5900382996
7712987500.0,-19.5016937256,17.6925010681
7712995000.0,-19.5139217377,17.6219367981
7713002500.0,-19.5218601227,17.6864700317
7713010000.0,-19.5144844055,17.6909370422
7713017500.0,-19.5144519806,17.7799472809
7713025000.0,-19.5085391998,17.7798233032
7713032500.0,-19.5203475952,17.7760181427
7713040000.0,-19.5173168182,17.8242931366
7713047500.0,-19.5137691498,17.8762798309
7713055000.0,-19.5189056396,17.9006614685
7713062500.0,-19.5197677612,17.9421100616
7713070000.0,-19.5164546967,17.9471817017
7713077500.0,-19.5138816833,17.9620933533
7713085000.0,-19.5076751709,17.8986740112
7713092500.0,-19.5203819275,17.9742240906
7713100000.0,-19.5226917267,17.9731826782
7713107500.0,-19.5052318573,18.0753211975
7713115000.0,-19.5186710358,18.0066814423
7713122500.0,-19.5098285675,18.0543251038
7713130000.0,-19.5194511414,18.1588020325
7713137500.0,-19.5054397583,18.0856590271
7713145000.0,-19.5047130585,18.124042511
7713152500.0,-19.5068912506,18.1386165619
7713160000.0,-19.5087032318,18.1801109314
7713167500.0,-19.5121002197,18.2310276031
7713175000.0,-19.5139579773,18.2517528534
7713182500.0,-19.5170822144,18.2541007996
7713190000.0,-19.5141735077,18.2848453522
7713197500.0,-19.5177974701,18.2394142151
7713205000.0,-19.5127391815,18.3321266174
7713212500.0,-19.5169944763,18.3710021973
7713220000.0,-19.5168876648,18.3732471466
7713227500.0,-19.5180397034,18.4032096863
7713235000.0,-19.5242118835,18.4006290436
7713242500.0,-19.5174884796,18.4049701691
7713250000.0,-19.5196895599,18.4800701141
7713257500.0,-19.5154666901,18.4497451782
7713265000.0,-19.5119915009,18.4970359802
7713272500.0,-19.5141830444,18.4929332733
7713280000.0,-19.5206203461,18.5072002411
7713287500.0,-19.5159091949,18.6123008728
7713295000.0,-19.5224132538,18.6028842926
7713302500.0,-19.5201931,18.6380386353
7713310000.0,-19.5207538605,18.5408973694
7713317500.0,-19.5161800385,18.7234992981
7713325000.0,-19.5113105774,18.6244506836
7713332500.0,-19.508764267,18.6730766296
7713340000.0,-19.5265026093,18.6730651855
7713347500.0,-19.5205669403,18.7268066406
7713355000.0,-19.5218296051,18.7709712982
7713362500.0,-19.5169010162,18.7764892578
7713370000.0,-19.5220832825,18.7690525055
7713377500.0,-19.5296096802,18.8262500763
7713385000.0,-19.5064353943,18.7751407623
7713392500.0,-19.525800705,18.8489151001
7713400000.0,-19.5185909271,18.9493942261
7713407500.0,-19.5171127319,18.9736270905
7713415000.0,-19.5239677429,18.9621906281
7713422500.0,-19.5253810883,18.9968509674
7713430000.0,-19.5207519531,18.9124126434
7713437500.0,-19.5268421173,19.0479106903
7713445000.0,-19.5211257935,19.0437011719
7713452500.0,-19.5201511383,19.0830116272
7713460000.0,-19.5242557526,19.096036911
7713467500.0,-19.5189361572,18.9850158691
7713475000.0,-19.529718399,19.1659965515
7713482500.0,-19.5300483704,19.1532001495
7713490000.0,-19.5170383453,19.159450531
7713497500.0,-19.5288391113,19.1698417664
7713505000.0,-19.5142860413,19.2087497711
7713512500.0,-19.52069664,19.1842060089
7713520000.0,-19.5276222229,19.2589435577
7713527500.0,-19.5179157257,19.2822532654
7713535000.0,-19.5240364075,19.2642383575
7713542500.0,-19.5283031464,19.3558006287
7713550000.0,-19.5216522217,19.3575286865
7713557500.0,-19.517747879,19.3908557892
7713565000.0,-19.5237922668,19.3866214752
7713572500.0,-19.5338153839,19.3696689606
7713580000.0,-19.5260314941,19.3625011444
7713587500.0,-19.5323123932,19.4798069
7713595000.0,-19.5249900818,19.3859424591
7713602500.0,-19.532119751,19.4071617126
7713610000.0,-19.5220241547,19.4802112579
7713617500.0,-19.5224113464,19.5152301788
7713625000.0,-19.5254364014,19.5073623657
7713632500.0,-19.5329990387,19.5193061829
7713640000.0,-19.5292510986,19.570432663
7713647500.0,-19.529624939,19.6199703217
7713655000.0,-19.5299797058,19.6358642578
7713662500.0,-19.5143413544,19.6079616547
7713670000.0,-19.5348930359,19.6669883728
7713677500.0,-19.5322341919,19.6965904236
7713685000.0,-19.5290756226,19.6576595306
7713692500.0,-19.5322589874,19.656129837
7713700000.0,-19.5241851807,19.727268219
7713707500.0,-19.5321617126,19.7529811859
7713715000.0,-19.5342350006,19.7789268494
7713722500.0,-19.5351696014,19.8076000214
7713730000.0,-19.5335330963,19.8390750885
7713737500.0,-19.5300559998,19.8790054321
7713745000.0,-19.5366268158,19.858341217
7713752500.0,-19.5200004578,19.890542984
7713760000.0,-19.5399837494,19.9014358521
7713767500.0,-19.5311431885,19.9104232788
7713775000.0,-19.5254364014,19.8624897003
7713782500.0,-19.5339107513,19.9195709229
7713790000.0,-19.5363521576,19.9872226715
7713797500.0,-19.5329914093,20.0107307434
7713805000.0,-19.5333309174,20.0019550323
7713812500.0,-19.531452179,20.0880260468
7713820000.0,-19.5437088013,20.0163192749
7713827500.0,-19.5354213715,20.0744476318
7713835000.0,-19.5359230042,20.110868454
7713842500.0,-19.5340652466,20.044216156
7713850000.0,-19.5311870575,20.2005882263
7713857500.0,-19.5263824463,20.1636772156
7713865000.0,-19.54022789,20.1466503143
7713872500.0,-19.536863327,20.1269035339
7713880000.0,-19.5313892365,20.2105751038
7713887500.0,-19.5393028259,20.2495956421
7713895000.0,-19.5333900452,20.1615772247
7713902500.0,-19.5398921967,20.283821106
7713910000.0,-19.5358085632,20.2241306305
7713917500.0,-19.5418605804,20.2890129089
7713925000.0,-19.5466194153,20.3389205933
7713932500.0,-19.5341339111,20.319152832
7713940000.0,-19.5394191742,20.4046821594
7713947500.0,-19.535036087,20.3520584106
7713955000.0,-19.5418586731,20.3735713959
7713962500.0,-19.5303936005,20.3790435791
7713970000.0,-19.5429477692,20.4237957001
7713977500.0,-19.5489730835,20.519536972
7713985000.0,-19.536611557,20.405664444
7713992500.0,-19.5361423492,20.4489631653
7714000000.0,-19.543554306,20.5086631775
7714007500.0,-19.54047966,20.5214614868
7714015000.0,-19.5471134186,20.5472793579
7714022500.0,-19.5374622345,20.5287303925
7714030000.0,-19.5439720154,20.5531139374
7714037500.0,-19.5435810089,20.5671634674
7714045000.0,-19.5493431091,20.5576248169
7714052500.0,-19.5457000732,20.637298584
7714060000.0,-19.5378570557,20.629940033
7714067500.0,-19.5252399445,20.6873645782
7714075000.0,-19.5456867218,20.6486949921
7714082500.0,-19.5501422882,20.713558197
7714090000.0,-19.5409927368,20.7395114899
7714097500.0,-19.5403308868,20.7457866669
7714105000.0,-19.5375576019,20.6952209473
7714112500.0,-19.5295314789,20.7759876251
7714120000.0,-19.5464782715,20.7441692352
7714127500.0,-19.549161911,20.7361545563
7714135000.0,-19.5470294952,20.758764267
7714142500.0,-19.5484104156,20.7790679932
7714150000.0,-19.553653717,20.8745937347
7714157500.0,-19.532661438,20.9036197662
7714165000.0,-19.5401668549,20.8371009827
7714172500.0,-19.5449485779,20.8975334167
7714180000.0,-19.5491199493,20.9136657715
7714187500.0,-19.552904129,20.8966999054
7714195000.0,-19.5472946167,20.9085102081
7714202500.0,-19.5502758026,21.0142803192
7714210000.0,-19.5412349701,20.9805107117
7714217500.0,-19.5480136871,21.0052471161
7714225000.0,-19.5505924225,21.0063400269
7714232500.0,-19.548242569,21.0517997742
7714240000.0,-19.5400695801,21.0666999817
7714247500.0,-19.5514125824,21.0755767822
7714255000.0,-19.5486736298,21.1300678253
7714262500.0,-19.5494861603,21.1174240112
7714270000.0,-19.5539646149,21.109582901
7714277500.0,-19.5509185791,21.1470108032
7714285000.0,-19.5597991943,21.0954761505
7714292500.0,-19.5605506897,21.1432666779
7714300000.0,-19.5523529053,21.1814956665
7714307500.0,-19.5566101074,21.212852478
7714315000.0,-19.5586338043,21.2520618439
7714322500.0,-19.5478687286,21.1435909271
7714330000.0,-19.5501327515,21.2390823364
7714337500.0,-19.552066803,21.2707881927
7714345000.0,-19.5508747101,21.2490081787
7714352500.0,-19.5558795929,21.2770614624
7714360000.0,-19.5554332733,21.3205375671
7714367500.0,-19.5575752258,21.3164958954
7714375000.0,-19.5567150116,21.3402194977
7714382500.0,-19.5567836761,21.3022651672
7714390000.0,-19.5636405945,21.3707962036
7714397500.0,-19.5565643311,21.3753852844
7714405000.0,-19.5463047028,21.3750400543
7714412500.0,-19.5551223755,21.4411907196
7714420000.0,-19.5568218231,21.4428863525
7714427500.0,-19.5626144409,21.3767852783
7714435000.0,-19.5601940155,21.4655017853
7714442500.0,-19.5585479736,21.4072856903
7714450000.0,-19.5554466248,21.5157985687
7714457500.0,-19.5578193665,21.5024318695
7714465000.0,-19.5610027313,21.5517044067
7714472500.0,-19.5661277771,21.4998607635
7714480000.0,-19.5609931946,21.5416679382
7714487500.0,-19.5642871857,21.5815944672
7714495000.0,-19.5638561249,21.5925960541
7714502500.0,-19.5675640106,21.5073947906
7714510000.0,-19.5646495819,21.5820808411
7714517500.0,-19.5645008087,21.6189155579
7714525000.0,-19.5681095123,21.6347923279
7714532500.0,-19.5648422241,21.62840271
7714540000.0,-19.5715312958,21.677110672
7714547500.0,-19.5662097931,21.6392860413
7714555000.0,-19.5706043243,21.7138843536
7714562500.0,-19.5674095154,21.6758155823
7714570000.0,-19.5778274536,21.6307582855
7714577500.0,-19.5650653839,21.6666755676
7714585000.0,-19.5798683167,21.6535663605
7714592500.0,-19.5704174042,21.70703125
7714600000.0,-19.5683784485,21.7503032684
7714607500.0,-19.5671977997,21.7862224579
7714615000.0,-19.5811500549,21.7402229309
7714622500.0,-19.5805721283,21.7907447815
7714630000.0,-19.5839767456,21.7013645172
7714637500.0,-19.5694122314,21.7688369751
7714645000.0,-19.581451416,21.8503875732
7714652500.0,-19.586763382,21.7449569702
7714660000.0,-19.5753307343,21.8567218781
7714667500.0,-19.5771656036,21.8440761566
7714675000.0,-19.585308075,21.8422412872
7714682500.0,-19.582452774,21.7930393219
7714690000.0,-19.574848175,21.8816013336
7714697500.0,-19.5850963593,21.9877147675
7714705000.0,-19.5847835541,21.9087905884
7714712500.0,-19.5873394012,21.8670539856
7714720000.0,-19.5786685944,21.9342746735
7714727500.0,-19.5825920105,21.9395656586
7714735000.0,-19.5840969086,22.0160236359
7714742500.0,-19.5795211792,21.980255127
7714750000.0,-19.5861568451,22.0302429199
7714757500.0,-19.579208374,21.9858722687
7714765000.0,-19.5830307007,21.9464054108
7714772500.0,-19.5854644775,22.101398468
7714780000.0,-19.5860824585,22.0119018555
7714787500.0,-19.5806312561,22.0385017395
7714795000.0,-19.594575882,22.0390205383
7714802500.0,-19.5877437592,22.0827102661
7714810000.0,-19.5905723572,22.0894985199
7714817500.0,-19.5834465027,22.1096286774
7714825000.0,-19.5835208893,22.0914859772
7714832500.0,-19.5807743073,22.1260547638
7714840000.0,-19.5881690979,22.1332206726
7714847500.0,-19.5937862396,22.1117191315
7714855000.0,-19.5930099487,22.159280777
7714862500.0,-19.586265564,22.1950759888
7714870000.0,-19.5985603333,22.1658916473
7714877500.0,-19.5931587219,22.1118144989
7714885000.0,-19.5870437622,22.2246513367
7714892500.0,-19.5972824097,22.1922340393
7714900000.0,-19.5966567993,22.1909408569
7714907500.0,-19.587015152,22.2687892914
7714915000.0,-19.5863323212,22.1872406006
7714922500.0,-19.59416008,22.2199115753
7714930000.0,-19.6008491516,22.2141723633
7714937500.0,-19.6037807465,22.2449417114
7714945000.0,-19.5988464355,22.2954788208
7714952500.0,-19.5963954926,22.2051753998
7714960000.0,-19.5961360931,22.2277183533
7714967500.0,-19.5993747711,22.3096370697
7714975000.0,-19.6099567413,22.2892169952
7714982500.0,-19.6090526581,22.2946357727
7714990000.0,-19.6011161804,22.2951316833
7714997500.0,-19.6041793823,22.3046875
7715005000.0,-19.6010704041,22.2570858002
7715012500.0,-19.604719162,22.3227767944
7715020000.0,-19.603225708,22.3390903473
7715027500.0,-19.6128387451,22.3075714111
7715035000.0,-19.6067333221,22.3596725464
7715042500.0,-19.6039886475,22.3167762756
7715050000.0,-19.6157569885,22.3843536377
7715057500.0,-19.6189289093,22.4245548248
7715065000.0,-19.6215591431,22.3787937164
7715072500.0,-19.61536026,22.46626091
7715080000.0,-19.6239891052,22.3625621796
7715087500.0,-19.6110725403,22.3745536804
7715095000.0,-19.6071052551,22.4546756744
7715102500.0,-19.6100578308,22.3182868958
7715110000.0,-19.6095104218,22.3920135498
7715117500.0,-19.619178772,22.458990097
7715125000.0,-19.6175785065,22.4679355621
7715132500.0,-19.6176548004,22.4581737518
7715140000.0,-19.612449646,22.4461040497
7715147500.0,-19.6221046448,22.4279098511
7715155000.0,-19.6083469391,22.4245872498
7715162500.0,-19.6100139618,22.4343032837
7715170000.0,-19.6176376343,22.5063037872
7715177500.0,-19.6241722107,22.4501857758
7715185000.0,-19.6276111603,22.4303283691
7715192500.0,-19.6319484711,22.4367084503
7715200000.0,-19.6244678497,22.5016212463
7715207500.0,-19.6212387085,22.4446907043
7715215000.0,-19.631439209,22.4359512329
7715222500.0,-19.6186695099,22.5446453094
7715230000.0,-19.6376686096,22.4609794617
7715237500.0,-19.6269493103,22.4747390747
7715245000.0,-19.6316204071,22.5093536377
7715252500.0,-19.630771637,22.489906311
7715260000.0,-19.635635376,22.5474205017
7715267500.0,-19.6399841309,22.4875621796
7715275000.0,-19.635881424,22.4850349426
7715282500.0,-19.6453227997,22.5171337128
7715290000.0,-19.6397514343,22.5578231812
7715297500.0,-19.6364555359,22.4958972931
7715305000.0,-19.6442222595,22.4998550415
7715312500.0,-19.6426696777,22.5525741577
7715320000.0,-19.6429958344,22.5311965942
7715327500.0,-19.6319313049,22.5093727112
7715335000.0,-19.6412620544,22.5304145813
7715342500.0,-19.6365604401,22.5580692291
7715350000.0,-19.6456489563,22.524181366
7715357500.0,-19.639333725,22.5880184174
7715365000.0,-19.6524200439,22.5251922607
7715372500.0,-19.6518917084,22.5678539276
7715380000.0,-19.6537132263,22.5077095032
7715387500.0,-19.6515045166,22.5564346313
7715395000.0,-19.65350914,22.555398941
7715402500.0,-19.6438770294,22.5264606476
7715410000.0,-19.6535263062,22.5302524567
7715417500.0,-19.6544513702,22.515953064
7715425000.0,-19.6537799835,22.5726642609
7715432500.0,-19.6583461761,22.5725898743
7715440000.0,-19.6626186371,22.5588817596
7715447500.0,-19.6638813019,22.5905475616
7715455000.0,-19.6611156464,22.559431076
7715462500.0,-19.6528911591,22.485786438
7715470000.0,-19.6562366486,22.5049133301
7715477500.0,-19.6623325348,22.536075592
7715485000.0,-19.6709136963,22.5296421051
7715492500.0,-19.6708869934,22.4884567261
7715500000.0,-19.6685142517,22.5114498138
7715507500.0,-19.6674232483,22.4828720093
7715515000.0,-19.6740169525,22.513502121
7715522500.0,-19.6794967651,22.4652194977
7715530000.0,-19.6734256744,22.4322013855
7715537500.0,-19.6647949219,22.5128765106
7715545000.0,-19.6697692871,22.4881076813
7715552500.0,-19.6753387451,22.5189971924
7715560000.0,-19.6788749695,22.4576969147
7715567500.0,-19.6824035645,22.4651145935
7715575000.0,-19.6819095612,22.5572071075
7715582500.0,-19.6859169006,22.5622386932
7715590000.0,-19.6932048798,22.4952812195
7715597500.0,-19.6898784637,22.505399704
7715605000.0,-19.6870269775,22.504940033
7715612500.0,-19.6908245087,22.3527431488
7715620000.0,-19.6923866272,22.4649677277
7715627500.0,-19.689289093,22.5057640076
7715635000.0,-19.6977062225,22.4972801208
7715642500.0,-19.6912899017,22.4885501862
7715650000.0,-19.7015666962,22.3866214752
7715657500.0,-19.699174881,22.4454879761
7715665000.0,-19.6995277405,22.3831787109
7715672500.0,-19.6936950684,22.4413166046
7715680000.0,-19.7163257599,22.4384536743
7715687500.0,-19.7071304321,22.4272098541
7715695000.0,-19.706029892,22.3931121826
7715702500.0,-19.7203845978,22.4319877625
7715710000.0,-19.717414856,22.4251670837
7715717500.0,-19.7044086456,22.3399181366
7715725000.0,-19.7137985229,22.3502120972
7715732500.0,-19.714641571,22.3660049438
7715740000.0,-19.725151062,22.3049945831
7715747500.0,-19.7126026154,22.3500480652
7715755000.0,-19.7265090942,22.3527164459
7715762500.0,-19.7240276337,22.3553829193
7715770000.0,-19.7296028137,22.3526153564
7715777500.0,-19.7200660706,22.3483142853
7715785000.0,-19.7264690399,22.3081684113
7715792500.0,-19.7402534485,22.3061676025
7715800000.0,-19.7293968201,22.2786197662
7715807500.0,-19.7325496674,22.2769947052
7715815000.0,-19.7429885864,22.2246437073
7715822500.0,-19.7319889069,22.1942062378
7715830000.0,-19.7373905182,22.1862812042
7715837500.0,-19.7378349304,22.2126502991
7715845000.0,-19.7389812469,22.2553043365
7715852500.0,-19.7431163788,22.266834259
7715860000.0,-19.7461452484,22.2267856598
7715867500.0,-19.7525691986,22.1968975067
7715875000.0,-19.7550563812,22.1940765381
7715882500.0,-19.7653446198,22.1731033325
7715890000.0,-19.7611446381,22.129983902
7715897500.0,-19.755821228,22.0836925507
7715905000.0,-19.7580451965,22.111032486
7715912500.0,-19.7529716492,22.0427703857
7715920000.0,-19.7641773224,22.065864563
7715927500.0,-19.7725009918,22.0654067993
7715935000.0,-19.7625465393,22.0988788605
7715942500.0,-19.7780303955,21.98188591
7715950000.0,-19.7655029297,22.0163917542
7715957500.0,-19.7678070068,21.973487854
7715965000.0,-19.7799091339,21.9393558502
7715972500.0,-19.786699295,21.969865799
7715980000.0,-19.7763271332,21.8949203491
7715987500.0,-19.7916145325,21.884305954
7715995000.0,-19.7876091003,21.9259738922
7716002500.0,-19.8009338379,21.9106197357
7716010000.0,-19.8011608124,21.8586158752
7716017500.0,-19.805147171,21.8773422241
7716025000.0,-19.7952919006,21.8092575073
7716032500.0,-19.803894043,21.7988452911
7716040000.0,-19.8131313324,21.8353881836
7716047500.0,-19.8120517731,21.7508392334
7716055000.0,-19.8061599731,21.8057041168
7716062500.0,-19.8115100861,21.7142753601
7716070000.0,-19.8060760498,21.7131900787
7716077500.0,-19.8202362061,21.6845588684
7716085000.0,-19.8208427429,21.6587791443
7716092500.0,-19.8267860413,21.6837310791
7716100000.0,-19.8323764801,21.6674423218
7716107500.0,-19.8311672211,21.5383987427
7716115000.0,-19.8338890076,21.5473022461
7716122500.0,-19.8366680145,21.5577392578
7716130000.0,-19.8483734131,21.5807342529
7716137500.0,-19.8399562836,21.5077171326
7716145000.0,-19.8500118256,21.5365753174
7716152500.0,-19.8560066223,21.4997310638
7716160000.0,-19.8484344482,21.4665126801
7716167500.0,-19.8517112732,21.436788559
7716175000.0,-19.8661060333,21.3839015961
7716182500.0,-19.8661823273,21.3088951111
7716190000.0,-19.8567695618,21.3400211334
7716197500.0,-19.8733768463,21.2647590637
7716205000.0,-19.8745212555,21.2849369049
7716212500.0,-19.8826255798,21.3137187958
7716220000.0,-19.8720874786,21.2194690704
7716227500.0,-19.8789710999,21.1778469086
7716235000.0,-19.8898296356,21.2030544281
7716242500.0,-19.8822841644,21.1584453583
7716250000.0,-19.902431488,21.1259326935
7716257500.0,-19.8922405243,21.1117191315
7716265000.0,-19.9079837799,21.0590553284
7716272500.0,-19.9029750824,21.0283279419
7716280000.0,-19.9146175385,20.9070510864
7716287500.0,-19.9116535187,20.894405365
7716295000.0,-19.9221801758,20.9393692017
7716302500.0,-19.9205818176,20.7941303253
7716310000.0,-19.9217987061,20.8030376434
7716317500.0,-19.9252147675,20.7796154022
7716325000.0,-19.9411716461,20.7788085938
7716332500.0,-19.9459838867,20.7446956635
7716340000.0,-19.9441642761,20.6392860413
7716347500.0,-19.9507045746,20.6739559174
7716355000.0,-19.9537029266,20.6407470703
7716362500.0,-19.9558334351,20.6276912689
7716370000.0,-19.9565620422,20.4861316681
7716377500.0,-19.9679412842,20.4968090057
7716385000.0,-19.9631099701,20.4652366638
7716392500.0,-19.9708099365,20.446855545
7716400000.0,-19.9772758484,20.4072437286
7716407500.0,-19.980966568,20.3664360046
7716415000.0,-19.990272522,20.3556365967
7716422500.0,-20.0049610138,20.3358402252
7716430000.0,-20.0121631622,20.2430076599
7716437500.0,-20.0171127319,20.2140140533
7716445000.0,-20.0120201111,20.1134681702
7716452500.0,-20.0113067627,20.0897197723
7716460000.0,-20.0214996338,20.0385169983
7716467500.0,-20.0295886993,19.983247757
7716475000.0,-20.0335235596,20.0288982391
7716482500.0,-20.0242290497,19.9167442322
7716490000.0,-20.0403347015,19.9130134583
7716497500.0,-20.0391025543,19.8656005859
7716505000.0,-20.0496673584,19.8652801514
7716512500.0,-20.0688705444,19.804643631
7716520000.0,-20.0657463074,19.7001361847
7716527500.0,-20.0767745972,19.6296195984
7716535000.0,-20.0791835785,19.5954627991
7716542500.0,-20.079246521,19.6265106201
7716550000.0,-20.0923461914,19.467420578
7716557500.0,-20.1038188934,19.4042797089
7716565000.0,-20.1079387665,19.4172363281
7716572500.0,-20.1112785339,19.3887042999
7716580000.0,-20.1261100769,19.3072681427
7716587500.0,-20.1181087494,19.2151985168
7716595000.0,-20.1354389191,19.2034378052
7716602500.0,-20.1382331848,19.2366333008
7716610000.0,-20.1480960846,19.0962047577
7716617500.0,-20.1569156647,19.0085906982
7716625000.0,-20.1613540649,18.9952487946
7716632500.0,-20.1670608521,18.931219101
7716640000.0,-20.1723880768,18.8642501831
7716647500.0,-20.1826400757,18.8165473938
7716655000.0,-20.1905460358,18.7821216583
7716662500.0,-20.196187973,18.7256393433
7716670000.0,-20.2084503174,18.6354732513
7716677500.0,-20.2157707214,18.5172100067
7716685000.0,-20.2217998505,18.4694747925
7716692500.0,-20.2349014282,18.4279441833
7716700000.0,-20.251499176,18.3671607971
7716707500.0,-20.2454376221,18.3581085205
7716715000.0,-20.2462291718,18.2336845398
7716722500.0,-20.261674881,18.1242046356
7716730000.0,-20.2813358307,18.1385383606
7716737500.0,-20.2872943878,18.0830039978
7716745000.0,-20.2812747955,17.9635810852
7716752500.0,-20.3054180145,17.8710460663
7716760000.0,-20.3001823425,17.8343887329
7716767500.0,-20.3226528168,17.7902889252
7716775000.0,-20.3427333832,17.6980438232
7716782500.0,-20.3469829559,17.6584720612
7716790000.0,-20.3614768982,17.5702133179
7716797500.0,-20.3607349396,17.5212078094
7716805000.0,-20.3654117584,17.4633617401
7716812500.0,-20.3847961426,17.3802032471
7716820000.0,-20.3864402771,17.256570816
7716827500.0,-20.3997440338,17.2404537201
7716835000.0,-20.4162063599,17.107585907
7716842500.0,-20.4398574829,16.996213913
7716850000.0,-20.4443359375,16.9600143433
7716857500.0,-20.4495124817,16.8563899994
7716865000.0,-20.469367981,16.805683136
7716872500.0,-20.4781265259,16.7217998505
7716880000.0,-20.4783782959,16.6220340729
7716887500.0,-20.4943084717,16.5521469116
7716895000.0,-20.5144100189,16.5409221649
7716902500.0,-20.5183162689,16.468996048
7716910000.0,-20.5369129181,16.2804508209
7716917500.0,-20.5484409332,16.2395038605
7716925000.0,-20.5591812134,16.1790523529
7716932500.0,-20.5750236511,16.0000534058
7716940000.0,-20.6003818512,15.9916734695
7716947500.0,-20.6153011322,15.892868042
7716955000.0,-20.6119613647,15.7803287506
7716962500.0,-20.6335487366,15.7353744507
7716970000.0,-20.6536979675,15.6858558655
7716977500.0,-20.6706466675,15.5500612259
7716985000.0,-20.6682777405,15.5042562485
7716992500.0,-20.6938476563,15.3680534363
7717000000.0,-20.7027511597,15.26811409
7717007500.0,-20.7347774506,15.157661438
7717015000.0,-20.7307662964,15.0555400848
7717022500.0,-20.7536239624,14.9439992905
7717030000.0,-20.778875351,14.8672780991
7717037500.0,-20.7974052429,14.7577953339
7717045000.0,-20.8062992096,14.6332931519
7717052500.0,-20.8282642365,14.5872468948
7717060000.0,-20.8365154266,14.4776906967
7717067500.0,-20.8669071198,14.3963518143
7717075000.0,-20.8805370331,14.2352342606
7717082500.0,-20.8954944611,14.1360502243
7717090000.0,-20.9323654175,14.0185079575
7717097500.0,-20.9343585968,13.9771108627
7717105000.0,-20.9543075562,13.7809610367
7717112500.0,-20.9823665619,13.7634429932
7717120000.0,-21.0027675629,13.6595001221
7717127500.0,-21.0112075806,13.5389051437
7717135000.0,-21.0499534607,13.4000396729
7717142500.0,-21.062620163,13.2717008591
7717150000.0,-21.0774936676,13.1800041199
7717157500.0,-21.111289978,13.0604610443
7717165000.0,-21.1254749298,12.9209251404
7717172500.0,-21.1497421265,12.8284692764
7717180000.0,-21.180475235,12.7069740295
7717187500.0,-21.2016849518,12.5782575607
7717195000.0,-21.2268676758,12.4504508972
7717202500.0,-21.2523803711,12.328373909
7717210000.0,-21.2760715485,12.3659734726
7717217500.0,-21.3035411835,12.1940412521
7717225000.0,-21.3286628723,11.9502000809
7717232500.0,-21.3622493744,11.8544931412
7717240000.0,-21.3819313049,11.8058013916
7717247500.0,-21.4064025879,11.7346925735
7717255000.0,-21.4276161194,11.5598344803
7717262500.0,-21.4720497131,11.4641103745
7717270000.0,-21.5004920959,11.2539682388
7717277500.0,-21.5212974548,11.0907430649
7717285000.0,-21.5612106323,11.0497016907
7717292500.0,-21.5819911957,10.8888998032
7717300000.0,-21.626789093,10.8017902374
7717307500.0,-21.6560440063,10.6246938705
7717315000.0,-21.6906776428,10.4895906448
7717322500.0,-21.7188262939,10.3980350494
7717330000.0,-21.7576541901,10.2810258865
7717337500.0,-21.7833251953,10.1439714432
7717345000.0,-21.8208694458,9.99338722229
7717352500.0,-21.8599872589,9.82042980194
7717360000.0,-21.8904457092,9.74846363068
7717367500.0,-21.9278488159,9.60827445984
7717375000.0,-21.9517650604,9.45069980621
7717382500.0,-22.0180301666,9.37982845306
7717390000.0,-22.0507030487,9.16934776306
7717397500.0,-22.0931224823,9.13395690918
7717405000.0,-22.1384658813,9.00727653503
7717412500.0,-22.1655597687,8.81959342957
7717420000.0,-22.2079467773,8.72240447998
7717427500.0,-22.251739502,8.62694168091
7717435000.0,-22.2921924591,8.43496322632
7717442500.0,-22.3386383057,8.28832530975
7717450000.0,-22.3868312836,8.25374603271
7717457500.0,-22.4342746735,8.03281402588
7717465000.0,-22.4820041656,8.06010246277
7717472500.0,-22.5310077667,7.87006139755
7717480000.0,-22.5730838776,7.72589826584
7717487500.0,-22.6182556152,7.52811479568
7717495000.0,-22.684589386,7.42384290695
7717502500.0,-22.7403717041,7.31921863556
7717510000.0,-22.7863197327,7.25886964798
7717517500.0,-22.8272914886,7.18522644043
7717525000.0,-22.8808498383,6.9748711586
7717532500.0,-22.9532184601,6.90692663193
7717540000.0,-23.003074646,6.80412578583
7717547500.0,-23.0703105927,6.67728853226
7717555000.0,-23.1240062714,6.62109327316
7717562500.0,-23.179901123,6.41976976395
7717570000.0,-23.2577438354,6.36446428299
7717577500.0,-23.2957878113,6.25033903122
7717585000.0,-23.3758888245,6.15139722824
7717592500.0,-23.4431285858,5.95762586594
7717600000.0,-23.5228271484,5.96869468689
7717607500.0,-23.5619506836,5.70252084732
7717615000.0,-23.6790504456,5.77368021011
7717622500.0,-23.7074356079,5.69681978226
7717630000.0,-23.7888050079,5.64245653152
7717637500.0,-23.8493556976,5.57102775574
7717645000.0,-23.9479961395,5.37461566925
7717652500.0,-23.9917640686,5.39362001419
7717660000.0,-24.0812644958,5.38372612
7717667500.0,-24.1633872986,5.29296970367
7717675000.0,-24.2533760071,5.15149068832
7717682500.0,-24.3141441345,5.20047330856
7717690000.0,-24.4028205872,5.15082359314
7717697500.0,-24.4914512634,5.22370624542
7717705000.0,-24.5587673187,5.0322394371
7717712500.0,-24.6555519104,5.26279497147
7717720000.0,-24.7476634979,5.14514875412
7717727500.0,-24.8429851532,5.13456773758
7717735000.0,-24.930847168,5.0907201767
7717742500.0,-25.0254878998,5.11465740204
7717750000.0,-25.1314125061,5.16391706467
7717757500.0,-25.2228031158,5.19108247757
7717765000.0,-25.3155784607,5.30419874191
7717772500.0,-25.4212055206,5.44417858124
7717780000.0,-25.5109615326,5.43293476105
7717787500.0,-25.6123867035,5.5169711113
7717795000.0,-25.7197227478,5.71211528778
7717802500.0,-25.8204498291,5.85443019867
7717810000.0,-25.913143158,5.88279438019
7717817500.0,-26.0387420654,5.98111104965
7717825000.0,-26.1557617188,6.21518611908
7717832500.0,-26.2735424042,6.51617574692
7717840000.0,-26.3718452454,6.66740846634
7717847500.0,-26.5129451752,6.69663572311
7717855000.0,-26.6260051727,7.21565103531
7717862500.0,-26.7230319977,7.18407058716
7717870000.0,-26.8666343689,7.64085578918
7717877500.0,-26.9736557007,7.86716222763
7717885000.0,-27.0998573303,8.27499485016
7717892500.0,-27.2069530487,8.51980209351
7717900000.0,-27.3355484009,8.84668731689
7717907500.0,-27.4705657959,9.17292976379
7717915000.0,-27.5664043427,9.80766773224
7717922500.0,-27.7047271729,10.1217012405
7717930000.0,-27.812713623,10.8292808533
7717937500.0,-27.9677505493,11.2745389938
7717945000.0,-28.0768604279,11.7057647705
7717952500.0,-28.230266571,12.4113283157
7717960000.0,-28.3140487671,12.8519105911
7717967500.0,-28.4654254913,13.2519102097
7717975000.0,-28.5707321167,14.0010404587
7717982500.0,-28.6987686157,14.7990121841
7717990000.0,-28.8357791901,15.7263069153
7717997500.0,-28.9482097626,16.2355575562
7718005000.0,-29.0910339355,17.3093452454
7718012500.0,-29.1672668457,18.0047912598
7718020000.0,-29.2795791626,18.7557144165
7718027500.0,-29.4155979156,19.7332744598
7718035000.0,-29.5057849884,20.8088035583
7718042500.0,-29.6230125427,21.7048778534
7718050000.0,-29.7165317535,22.7030544281
7718057500.0,-29.8641662598,23.4883155823
7718065000.0,-29.9162597656,24.9376850128
7718072500.0,-29.9958400726,26.0607185364
7718080000.0,-30.0905666351,27.2324619293
7718087500.0,-30.1611251831,28.3733272552
7718095000.0,-30.2228965759,29.3610019684
7718102500.0,-30.3023681641,30.7895336151
7718110000.0,-30.3314418793,31.8126850128
7718117500.0,-30.3791007996,33.3676452637
7718125000.0,-30.444026947,34.3620071411
7718132500.0,-30.4601421356,35.7426300049
7718140000.0,-30.4897842407,37.0190544128
7718147500.0,-30.533323288,38.4618835449
7718155000.0,-30.5470981598,39.7425575256
7718162500.0,-30.4982757568,40.6865234375
7718170000.0,-30.5036716461,42.3447532654
7718177500.0,-30.5296821594,43.5112724304
7718185000.0,-30.4799346924,44.9115600586
7718192500.0,-30.4539966583,46.3854675293
7718200000.0,-30.4322471619,47.5852737427
7718207500.0,-30.4099369049,48.7811698914
7718215000.0,-30.3193778992,49.9298591614
7718222500.0,-30.2723255157,50.8422584534
7718230000.0,-30.2162437439,52.2663040161
7718237500.0,-30.151638031,53.4108352661
7718245000.0,-30.0583114624,54.5908584595
7718252500.0,-30.0037765503,55.7950553894
7718260000.0,-29.9377727509,56.5353889465
7718267500.0,-29.8439998627,57.321269989
7718275000.0,-29.7531719208,58.3299789429
7718282500.0,-29.7075366974,59.5313339233
7718290000.0,-29.5694503784,60.5089378357
7718297500.0,-29.4796352386,61.2050590515
7718305000.0,-29.4092769623,62.218208313
7718312500.0,-29.2990550995,62.7989387512
7718320000.0,-29.198059082,63.8124694824
7718327500.0,-29.1004314423,64.532409668
7718335000.0,-28.9969444275,65.1381378174
7718342500.0,-28.8961296082,65.7455368042
7718350000.0,-28.7735805511,66.6781921387
7718357500.0,-28.6428890228,67.1267929077
7718365000.0,-28.5455608368,68.0319519043
7718372500.0,-28.4543495178,68.4223632813
7718380000.0,-28.3492851257,68.9539871216
7718387500.0,-28.2615509033,69.4385757446
7718395000.0,-28.1344718933,69.9146652222
7718402500.0,-28.0282382965,70.340965271
7718410000.0,-27.9078636169,70.6807937622
7718417500.0,-27.8204994202,71.076133728
7718425000.0,-27.7182121277,71.6295852661
7718432500.0,-27.5938148499,72.0349502563
7718440000.0,-27.5000724792,72.4204788208
7718447500.0,-27.4061470032,72.6262741089
7718455000.0,-27.3197803497,73.1009979248
7718462500.0,-27.2020492554,73.237487793
7718470000.0,-27.1102905273,73.6033096313
7718477500.0,-26.9965419769,73.8702850342
7718485000.0,-26.9145565033,73.9425964355
7718492500.0,-26.8276920319,74.3345413208
7718500000.0,-26.7301673889,74.560295105
7718507500.0,-26.6438217163,74.8223953247
7718515000.0,-26.5594882965,74.8977890015
7718522500.0,-26.4686565399,75.1247711182
7718530000.0,-26.3755455017,75.190826416
7718537500.0,-26.2828521729,75.3847045898
7718545000.0,-26.1885471344,75.6451568604
7718552500.0,-26.1394290924,75.7350540161
7718560000.0,-26.0316638947,75.8563919067
7718567500.0,-25.9570198059,75.985168457
7718575000.0,-25.8696537018,76.0554199219
7718582500.0,-25.7882137299,76.1322937012
7718590000.0,-25.6941013336,76.303024292
7718597500.0,-25.6226711273,76.4558181763
7718605000.0,-25.5521373749,76.4574890137
7718612500.0,-25.4869213104,76.5071487427
7718620000.0,-25.4044303894,76.7394943237
7718627500.0,-25.3369731903,76.6713790894
7718635000.0,-25.2556419373,76.8505325317
7718642500.0,-25.2106685638,76.688659668
7718650000.0,-25.1173458099,76.825668335
7718657500.0,-25.0726394653,76.8489074707
7718665000.0,-25.0065498352,76.8243408203
7718672500.0,-24.9462966919,76.9367675781
7718680000.0,-24.877866745,76.9073562622
7718687500.0,-24.8112754822,76.9407119751
7718695000.0,-24.7523880005,77.0381469727
7718702500.0,-24.7101898193,76.9633331299
7718710000.0,-24.623046875,76.8902511597
7718717500.0,-24.5515365601,77.1073760986
7718725000.0,-24.5355892181,76.9288482666
7718732500.0,-24.4631748199,76.9557571411
7718740000.0,-24.3956718445,77.0033035278
7718747500.0,-24.3507385254,76.7942733765
7718755000.0,-24.2862491608,76.9574203491
7718762500.0,-24.2368679047,76.8859481812
7718770000.0,-24.1914367676,76.8318862915
7718777500.0,-24.1210536957,76.8279342651
7718785000.0,-24.0673065186,76.6854248047
7718792500.0,-24.0238437653,76.7364959717
7718800000.0,-23.9743061066,76.7542572021
7718807500.0,-23.9356956482,76.7188262939
7718815000.0,-23.8778553009,76.7460098267
7718822500.0,-23.8522701263,76.6468963623
7718830000.0,-23.7824230194,76.6821136475
7718837500.0,-23.7523403168,76.5535507202
7718845000.0,-23.7051143646,76.5580368042
7718852500.0,-23.6597175598,76.5025177002
7718860000.0,-23.604183197,76.4983520508
7718867500.0,-23.5791568756,76.4989624023
7718875000.0,-23.5395584106,76.3187103271
7718882500.0,-23.5029602051,76.3328704834
7718890000.0,-23.4530582428,76.3718795776
7718897500.0,-23.4113883972,76.2137908936
7718905000.0,-23.3610115051,76.2378387451
7718912500.0,-23.352930069,76.1056518555
7718920000.0,-23.3137817383,76.0961761475
7718927500.0,-23.2601642609,76.0810775757
7718935000.0,-23.2292327881,76.0114440918
7718942500.0,-23.1895465851,75.9325408936
7718950000.0,-23.164768219,75.9642410278
7718957500.0,-23.1177711487,75.902923584
7718965000.0,-23.0848121643,75.8214645386
7718972500.0,-23.0495910645,75.7285995483
7718980000.0,-23.0211372375,75.6985397339
7718987500.0,-22.9808444977,75.6104660034
7718995000.0,-22.9442100525,75.6028823853
7719002500.0,-22.9161491394,75.6113052368
7719010000.0,-22.8862724304,75.6549530029
7719017500.0,-22.8487415314,75.4364547729
7719025000.0,-22.8414516449,75.4213943481
7719032500.0,-22.8052024841,75.3798217773
7719040000.0,-22.76445961,75.3546218872
7719047500.0,-22.7382698059,75.3691940308
7719055000.0,-22.7072143555,75.2014007568
7719062500.0,-22.679359436,75.1485824585
7719070000.0,-22.6297016144,75.0352172852
7719077500.0,-22.6354541779,75.0918884277
7719085000.0,-22.6066436768,74.9741210938
7719092500.0,-22.5732555389,74.8772506714
7719100000.0,-22.5438423157,74.8221282959
7719107500.0,-22.525844574,74.904838562
7719115000.0,-22.4940280914,74.8399887085
7719122500.0,-22.4630222321,74.6463699341
7719130000.0,-22.4521369934,74.654510498
7719137500.0,-22.4256286621,74.5485916138
7719145000.0,-22.3931713104,74.5956954956
7719152500.0,-22.3674640656,74.5837936401
7719160000.0,-22.3461856842,74.4765701294
7719167500.0,-22.3292160034,74.3630905151
7719175000.0,-22.301525116,74.4149093628
7719182500.0,-22.2674388885,74.3297958374
7719190000.0,-22.2531356812,74.2488174438
7719197500.0,-22.226140976,74.1438522339
7719205000.0,-22.2159767151,74.2083435059
7719212500.0,-22.1912498474,74.1872253418
7719220000.0,-22.1808319092,74.0252075195
7719227500.0,-22.1462459564,74.0302124023
7719235000.0,-22.1347122192,74.0654754639
7719242500.0,-22.1106357574,73.9640884399
7719250000.0,-22.1001300812,73.9189834595
7719257500.0,-22.0865573883,73.8977127075
7719265000.0,-22.0511379242,73.7237014771
7719272500.0,-22.039648056,73.8289489746
7719280000.0,-22.0125522614,73.6917953491
7719287500.0,-21.9988803864,73.6470489502
7719295000.0,-21.9645290375,73.6084899902
7719302500.0,-21.9431114197,73.5802001953
7719310000.0,-21.949256897,73.4920120239
7719317500.0,-21.9175720215,73.4477920532
7719325000.0,-21.9033565521,73.4512481689
7719332500.0,-21.9065666199,73.3344039917
7719340000.0,-21.8868370056,73.2593002319
7719347500.0,-21.85338974,73.3431625366
7719355000.0,-21.8415622711,73.373298645
7719362500.0,-21.8163585663,73.1670913696
7719370000.0,-21.800868988,73.2257614136
7719377500.0,-21.7944889069,73.1539764404
7719385000.0,-21.784910202,73.1041946411
7719392500.0,-21.7678279877,72.9645309448
7719400000.0,-21.7325267792,72.950340271
7719407500.0,-21.7265853882,72.9560852051
7719415000.0,-21.7075595856,72.9966278076
7719422500.0,-21.7062740326,72.8166503906
7719430000.0,-21.6939315796,72.8990707397
7719437500.0,-21.6655368805,72.7557296753
7719445000.0,-21.655670166,72.7063522339
7719452500.0,-21.6504192352,72.7601394653
7719460000.0,-21.6230659485,72.7105941772
7719467500.0,-21.6174182892,72.5854873657
7719475000.0,-21.6081981659,72.645690918
7719482500.0,-21.5890083313,72.6048812866
7719490000.0,-21.5704975128,72.6103286743
7719497500.0,-21.557592392,72.494682312
7719505000.0,-21.5555591583,72.3969421387
7719512500.0,-21.5222148895,72.4315032959
7719520000.0,-21.5242366791,72.35597229
7719527500.0,-21.5176315308,72.3512191772
7719535000.0,-21.5039253235,72.3190841675
7719542500.0,-21.4915771484,72.321472168
7719550000.0,-21.4710540771,72.2675552368
7719557500.0,-21.4748821259,72.2246627808
7719565000.0,-21.453458786,72.1821517944
7719572500.0,-21.4505844116,72.1641082764
7719580000.0,-21.4302043915,72.1889266968
7719587500.0,-21.4305973053,72.0344696045
7719595000.0,-21.4084434509,72.0223922729
7719602500.0,-21.3896350861,72.0815582275
7719610000.0,-21.3852806091,71.9605560303
7719617500.0,-21.3662872314,71.9368133545
7719625000.0,-21.3584709167,72.0475616455
7719632500.0,-21.3488731384,71.9170379639
7719640000.0,-21.3401870728,71.8033981323
7719647500.0,-21.3368606567,71.8446044922
7719655000.0,-21.3351516724,71.743927002
7719662500.0,-21.3093357086,71.8018341064
7719670000.0,-21.3070259094,71.8335800171
7719677500.0,-21.286151886,71.7120819092
7719685000.0,-21.2854881287,71.6678009033
7719692500.0,-21.2678337097,71.6681365967
7719700000.0,-21.2559280396,71.6899108887
7719707500.0,-21.2556838989,71.5723876953
7719715000.0,-21.2427501678,71.5993270874
7719722500.0,-21.2321128845,71.4819412231
7719730000.0,-21.2300033569,71.5466766357
7719737500.0,-21.2083721161,71.4610214233
7719745000.0,-21.2019710541,71.4533081055
7719752500.0,-21.1994667053,71.5153961182
7719760000.0,-21.1813373566,71.5164489746
7719767500.0,-21.1828994751,71.3939971924
7719775000.0,-21.1769981384,71.434928894
7719782500.0,-21.170747757,71.4107284546
7719790000.0,-21.1543178558,71.3267288208
7719797500.0,-21.1596908569,71.3313140869
7719805000.0,-21.1386089325,71.388092041
7719812500.0,-21.1275482178,71.2472686768
7719820000.0,-21.1140613556,71.2358779907
7719827500.0,-21.1254367828,71.270866394
7719835000.0,-21.111700058,71.2269515991
7719842500.0,-21.0979614258,71.2359390259
7719850000.0,-21.0828552246,71.2561798096
7719857500.0,-21.0767288208,71.193572998
7719865000.0,-21.0713615417,71.1629714966
7719872500.0,-21.0774898529,71.0863800049
7719880000.0,-21.0653419495,71.1771087646
7719887500.0,-21.0509586334,71.0846557617
7719895000.0,-21.0474033356,71.0975189209
7719902500.0,-21.0366344452,70.9885559082
7719910000.0,-21.0334281921,71.0654373169
7719917500.0,-21.0131320953,71.1080474854
7719925000.0,-21.0226688385,71.0404281616
7719932500.0,-21.0114440918,71.0103607178
7719940000.0,-20.9989490509,70.9874343872
7719947500.0,-20.9888305664,71.0171661377
7719955000.0,-20.9971389771,70.9524688721
7719962500.0,-20.992105484,70.9148712158
7719970000.0,-20.9776153564,70.9240112305
7719977500.0,-20.9727630615,70.9176177979
7719985000.0,-20.952627182,70.8586654663
7719992500.0,-20.9563064575,70.8778991699
7720000000.0,-20.9586296082,70.8766555786
7720007500.0,-20.9403343201,70.8248443604
7720015000.0,-20.9389057159,70.7803344727
7720022500.0,-20.9385223389,70.7851791382
7720030000.0,-20.9205513,70.7993850708
7720037500.0,-20.9287338257,70.7694549561
7720045000.0,-20.909450531,70.8233795166
7720052500.0,-20.9050006866,70.787902832
7720060000.0,-20.9060134888,70.7654037476
7720067500.0,-20.8978252411,70.7284698486
7720075000.0,-20.8987922668,70.7335128784
7720082500.0,-20.8951129913,70.6164550781
7720090000.0,-20.8850536346,70.7276535034
7720097500.0,-20.8766937256,70.6880569458
7720105000.0,-20.8609886169,70.6383743286
7720112500.0,-20.872133255,70.7186279297
7720120000.0,-20.8612232208,70.6572723389
7720127500.0,-20.8618431091,70.5980682373
7720135000.0,-20.8459701538,70.6749954224
7720142500.0,-20.8294887543,70.6683502197
7720150000.0,-20.845243454,70.5960540771
7720157500.0,-20.832818985,70.5861129761
7720165000.0,-20.8327083588,70.648147583
7720172500.0,-20.8203811646,70.6161193848
7720180000.0,-20.8294258118,70.5828399658
7720187500.0,-20.8076839447,70.4706039429
7720195000.0,-20.7987270355,70.6197814941
7720202500.0,-20.8168983459,70.5659255981
7720210000.0,-20.7958831787,70.5685272217
7720217500.0,-20.7745933533,70.5219955444
7720225000.0,-20.7956047058,70.5033187866
7720232500.0,-20.7782592773,70.491027832
7720240000.0,-20.7819843292,70.4721679688
7720247500.0,-20.7739982605,70.5521774292
7720255000.0,-20.7668571472,70.626953125
7720262500.0,-20.7642211914,70.5713272095
7720270000.0,-20.7570819855,70.5498580933
7720277500.0,-20.7505207062,70.4073638916
7720285000.0,-20.7397441864,70.4672164917
7720292500.0,-20.7488327026,70.5150756836
7720300000.0,-20.7363014221,70.4716110229
7720307500.0,-20.7343788147,70.5100860596
7720315000.0,-20.7405281067,70.5047454834
7720322500.0,-20.7200336456,70.5524291992
7720330000.0,-20.7225532532,70.4429016113
7720337500.0,-20.7166595459,70.5084228516
7720345000.0,-20.7007751465,70.512840271
7720352500.0,-20.7165088654,70.4650268555
7720360000.0,-20.7063140869,70.4531860352
7720367500.0,-20.7022857666,70.4549484253
7720375000.0,-20.7035865784,70.4650726318
7720382500.0,-20.7011241913,70.4872512817
7720390000.0,-20.6914272308,70.4434051514
7720397500.0,-20.6770935059,70.4327926636
7720405000.0,-20.6725788116,70.4867706299
7720412500.0,-20.6827487946,70.4375839233
7720420000.0,-20.6794395447,70.4482955933
7720427500.0,-20.6654129028,70.4230117798
7720435000.0,-20.6703147888,70.4867095947
7720442500.0,-20.6662368774,70.4003372192
7720450000.0,-20.644525528,70.4503173828
7720457500.0,-20.6587905884,70.4550247192
7720465000.0,-20.6420631409,70.3942337036
7720472500.0,-20.6457176208,70.3864440918
7720480000.0,-20.6440849304,70.4635391235
7720487500.0,-20.6376857758,70.4401702881
7720495000.0,-20.6387729645,70.4020614624
7720502500.0,-20.6342754364,70.4228820801
7720510000.0,-20.6193885803,70.3917694092
7720517500.0,-20.6194763184,70.4937438965
7720525000.0,-20.6307888031,70.5067672729
7720532500.0,-20.6296367645,70.4784011841
7720540000.0,-20.6164302826,70.4173278809
7720547500.0,-20.6118927002,70.4004058838
7720555000.0,-20.6128883362,70.4451141357
7720562500.0,-20.6013793945,70.431678772
7720570000.0,-20.6075973511,70.4225311279
7720577500.0,-20.6038722992,70.3897018433
7720585000.0,-20.5970363617,70.4703140259
7720592500.0,-20.5973625183,70.4112548828
7720600000.0,-20.590089798,70.4420547485
7720607500.0,-20.5693950653,70.4083251953
7720615000.0,-20.5755691528,70.4781570435
7720622500.0,-20.5759830475,70.4558639526
7720630000.0,-20.5815010071,70.4563064575
7720637500.0,-20.5742034912,70.5116577148
7720645000.0,-20.5774879456,70.477355957
7720652500.0,-20.5587234497,70.4576263428
7720660000.0,-20.5601940155,70.4620513916
7720667500.0,-20.5539035797,70.4512939453
7720675000.0,-20.5519962311,70.5342330933
7720682500.0,-20.5587806702,70.4592285156
7720690000.0,-20.5532646179,70.471786499
7720697500.0,-20.5483093262,70.4983520508
7720705000.0,-20.5502853394,70.4345397949
7720712500.0,-20.5536327362,70.5517349243
7720720000.0,-20.536901474,70.4449234009
7720727500.0,-20.5498924255,70.5274276733
7720735000.0,-20.5224227905,70.5241928101
7720742500.0,-20.5362167358,70.5816116333
7720750000.0,-20.5221099854,70.5898132324
7720757500.0,-20.5314655304,70.5459518433
7720765000.0,-20.5336227417,70.5916061401
7720772500.0,-20.5238952637,70.5585708618
7720780000.0,-20.5162963867,70.5971374512
7720787500.0,-20.5133266449,70.5720672607
7720795000.0,-20.5108222961,70.5706787109
7720802500.0,-20.5108718872,70.5643234253
7720810000.0,-20.5028705597,70.5909423828
7720817500.0,-20.5029640198,70.5132980347
7720825000.0,-20.5030593872,70.5629501343
7720832500.0,-20.4961528778,70.5344772339
7720840000.0,-20.5066757202,70.6483688354
7720847500.0,-20.4908065796,70.5895614624
7720855000.0,-20.484369278,70.6148300171
7720862500.0,-20.4857120514,70.6390914917
7720870000.0,-20.4774456024,70.6946258545
7720877500.0,-20.4851284027,70.6253585815
7720885000.0,-20.4872341156,70.6378631592
7720892500.0,-20.4827919006,70.707611084
7720900000.0,-20.4788570404,70.6488952637
7720907500.0,-20.4684772491,70.6296234131
7720915000.0,-20.4688358307,70.674446106
7720922500.0,-20.4697265625,70.6568527222
7720930000.0,-20.4746246338,70.7018890381
7720937500.0,-20.4735469818,70.6381912231
7720945000.0,-20.4609699249,70.6700897217
7720952500.0,-20.4675121307,70.6885452271
7720960000.0,-20.4521350861,70.8086547852
7720967500.0,-20.4578666687,70.7094421387
7720975000.0,-20.4517021179,70.6952590942
7720982500.0,-20.4434146881,70.6806488037
7720990000.0,-20.4472789764,70.8268051147
7720997500.0,-20.4502334595,70.8481521606
7721005000.0,-20.4473457336,70.7944412231
7721012500.0,-20.4402389526,70.7687835693
7721020000.0,-20.4375553131,70.7792739868
7721027500.0,-20.441192627,70.8619003296
7721035000.0,-20.4295272827,70.7599487305
7721042500.0,-20.4328231812,70.8255615234
7721050000.0,-20.4306201935,70.884513855
7721057500.0,-20.4391536713,70.845413208
7721065000.0,-20.4271373749,70.7705230713
7721072500.0,-20.4307441711,70.8570480347
7721080000.0,-20.4123630524,70.8429031372
7721087500.0,-20.4391288757,70.9104309082
7721095000.0,-20.4134750366,70.8801345825
7721102500.0,-20.4252529144,70.9459762573
7721110000.0,-20.411989212,70.9283676147
7721117500.0,-20.4123153687,70.9784393311
7721125000.0,-20.4209880829,71.0277862549
7721132500.0,-20.4074630737,70.9676361084
7721140000.0,-20.4100589752,70.9816970825
7721147500.0,-20.4133815765,71.0088195801
7721155000.0,-20.40442276,71.0305633545
7721162500.0,-20.4001903534,71.0796127319
7721170000.0,-20.4020023346,71.0321350098
7721177500.0,-20.4123821259,71.0916366577
7721185000.0,-20.3876419067,71.0607452393
7721192500.0,-20.3989715576,70.9722366333
7721200000.0,-20.384021759,71.0359191895
7721207500.0,-20.387966156,71.099899292
7721215000.0,-20.3881263733,71.1142883301
7721222500.0,-20.3934898376,71.1427612305
7721230000.0,-20.3982505798,71.0566101074
7721237500.0,-20.3788318634,71.1944122314
7721245000.0,-20.378988266,71.1341247559
7721252500.0,-20.3789844513,71.1156616211
7721260000.0,-20.3897399902,71.1092758179
7721267500.0,-20.375213623,71.165802002
7721275000.0,-20.3759288788,71.2372436523
7721282500.0,-20.3704719543,71.1730041504
7721290000.0,-20.3733100891,71.2357559204
7721297500.0,-20.3759479523,71.2213745117
7721305000.0,-20.3641548157,71.2583618164
7721312500.0,-20.3751144409,71.2387161255
7721320000.0,-20.376159668,71.2319641113
7721327500.0,-20.3620738983,71.1898040771
7721335000.0,-20.3639984131,71.3030090332
7721342500.0,-20.3520622253,71.3145065308
7721350000.0,-20.3631954193,71.2771530151
7721357500.0,-20.3598365784,71.2993621826
7721365000.0,-20.3695144653,71.2832565308
7721372500.0,-20.3570022583,71.4493942261
7721380000.0,-20.3570365906,71.4059448242
7721387500.0,-20.3567695618,71.4342956543
7721395000.0,-20.3570766449,71.3999938965
7721402500.0,-20.3411979675,71.3869247437
7721410000.0,-20.3512783051,71.4300537109
7721417500.0,-20.3466033936,71.4421615601
7721425000.0,-20.3590316772,71.4412002563
7721432500.0,-20.347864151,71.4240188599
7721440000.0,-20.3415489197,71.4793930054
7721447500.0,-20.3322105408,71.5388717651
7721455000.0,-20.3475170135,71.521232605
7721462500.0,-20.3325080872,71.5456237793
7721470000.0,-20.3381099701,71.5624465942
7721477500.0,-20.3277797699,71.6037521362
7721485000.0,-20.3329753876,71.5415115356
7721492500.0,-20.3288936615,71.6136016846
7721500000.0,-20.3312282562,71.7282104492
7721507500.0,-20.320192337,71.6503372192
7721515000.0,-20.3254566193,71.7015762329
7721522500.0,-20.3227806091,71.7192840576
7721530000.0,-20.3302154541,71.7569961548
7721537500.0,-20.3227672577,71.7180404663
7721545000.0,-20.3230876923,71.6817626953
7721552500.0,-20.3142089844,71.7020797729
7721560000.0,-20.3131847382,71.7382202148
7721567500.0,-20.3215084076,71.773147583
7721575000.0,-20.3241443634,71.8276672363
7721582500.0,-20.3112106323,71.7776489258
7721590000.0,-20.3108768463,71.7916488647
7721597500.0,-20.3043727875,71.8287277222
7721605000.0,-20.3064479828,71.8523712158
7721612500.0,-20.3066272736,71.8575057983
7721620000.0,-20.3217811584,71.8608627319
7721627500.0,-20.3201770782,71.9514312744
7721635000.0,-20.3090515137,71.8948822021
7721642500.0,-20.3077068329,71.9112243652
7721650000.0,-20.3039245605,71.9349594116
7721657500.0,-20.3020915985,71.9862976074
7721665000.0,-20.2887992859,71.9813308716
7721672500.0,-20.2878341675,71.9204788208
7721680000.0,-20.294593811,72.0089569092
7721687500.0,-20.2967147827,72.076965332
7721695000.0,-20.2938327789,72.0077438354
7721702500.0,-20.2976799011,72.0033111572
7721710000.0,-20.2836799622,72.0464019775
7721717500.0,-20.2884273529,72.0846710205
7721725000.0,-20.2901344299,72.0678710938
7721732500.0,-20.2757492065,72.1050949097
7721740000.0,-20.2842178345,72.2285003662
7721747500.0,-20.2842235565,72.175239563
7721755000.0,-20.2914466858,72.1415939331
7721762500.0,-20.2892074585,72.2379150391
7721770000.0,-20.2777404785,72.2311325073
7721777500.0,-20.291185379,72.095954895
7721785000.0,-20.2703495026,72.3537445068
7721792500.0,-20.2745437622,72.2060012817
7721800000.0,-20.2777576447,72.3408660889
7721807500.0,-20.2794551849,72.2517471313
7721815000.0,-20.2693767548,72.2769393921
7721822500.0,-20.2758426666,72.2735137939
7721830000.0,-20.268995285,72.3132019043
7721837500.0,-20.2600269318,72.3804397583
7721845000.0,-20.2738952637,72.4154663086
7721852500.0,-20.2620811462,72.428855896
7721860000.0,-20.2660598755,72.4214172363
7721867500.0,-20.2786560059,72.4519348145
7721875000.0,-20.2642459869,72.4747161865
7721882500.0,-20.2704162598,72.4641494751
7721890000.0,-20.2705593109,72.5256271362
7721897500.0,-20.2704086304,72.5392532349
7721905000.0,-20.2573318481,72.4780731201
7721912500.0,-20.2662734985,72.5701828003
7721920000.0,-20.261964798,72.5700073242
7721927500.0,-20.2533073425,72.7328796387
7721935000.0,-20.2508468628,72.6524581909
7721942500.0,-20.2613239288,72.6390838623
7721950000.0,-20.262090683,72.6128540039
7721957500.0,-20.2595214844,72.646522522
7721965000.0,-20.2544384003,72.7452545166
7721972500.0,-20.2556419373,72.6826629639
7721980000.0,-20.2601509094,72.7047119141
7721987500.0,-20.255443573,72.813911438
7721995000.0,-20.2546367645,72.7584609985
7722002500.0,-20.2481651306,72.8246765137
7722010000.0,-20.254108429,72.821472168
7722017500.0,-20.2430686951,72.7610321045
7722025000.0,-20.2516403198,72.8424758911
7722032500.0,-20.2318382263,72.9066925049
7722040000.0,-20.2462825775,72.8614120483
7722047500.0,-20.2486782074,72.9385528564
7722055000.0,-20.2412090302,72.9393539429
7722062500.0,-20.2458343506,73.0099105835
7722070000.0,-20.2348022461,72.8963317871
7722077500.0,-20.2465553284,72.9850387573
7722085000.0,-20.2390289307,72.9952392578
7722092500.0,-20.2343997955,73.1058883667
7722100000.0,-20.2390575409,73.1191711426
7722107500.0,-20.2429561615,73.0091934204
7722115000.0,-20.2444648743,73.0272827148
7722122500.0,-20.2421531677,73.0609283447
7722130000.0,-20.2356777191,73.1295623779
7722137500.0,-20.2401733398,73.1161270142
7722145000.0,-20.2261161804,73.1507263184
7722152500.0,-20.2207450867,73.2521057129
7722160000.0,-20.2267379761,73.2024765015
7722167500.0,-20.2260398865,73.1444244385
7722175000.0,-20.2333183289,73.2430038452
7722182500.0,-20.2312736511,73.3102035522
7722190000.0,-20.229265213,73.220664978
7722197500.0,-20.2171325684,73.2602844238
7722205000.0,-20.230424881,73.3384628296
7722212500.0,-20.2251605988,73.373664856
7722220000.0,-20.2368183136,73.3759994507
7722227500.0,-20.2288761139,73.4028396606
7722235000.0,-20.2203788757,73.4431762695
7722242500.0,-20.2145824432,73.4434738159
7722250000.0,-20.2277736664,73.4471435547
7722257500.0,-20.2240257263,73.402885437
7722265000.0,-20.2118930817,73.5730667114
7722272500.0,-20.2229747772,73.5096130371
7722280000.0,-20.2251968384,73.5817947388
7722287500.0,-20.215423584,73.5467758179
7722295000.0,-20.2148075104,73.6228103638
7722302500.0,-20.2060832977,73.5606307983
7722310000.0,-20.2040557861,73.5987243652
7722317500.0,-20.2009525299,73.6660232544
7722325000.0,-20.2174186707,73.6868896484
7722332500.0,-20.2096652985,73.7888641357
7722340000.0,-20.2117958069,73.6707229614
7722347500.0,-20.2005062103,73.71509552
7722355000.0,-20.2118988037,73.7581481934
7722362500.0,-20.2004528046,73.8732757568
7722370000.0,-20.208990097,73.768737793
7722377500.0,-20.2076358795,73.8425216675
7722385000.0,-20.1997585297,73.8588485718
7722392500.0,-20.2030754089,73.823135376
7722400000.0,-20.1990222931,73.8749465942
7722407500.0,-20.2018203735,74.0015258789
7722415000.0,-20.1976413727,73.9449005127
7722422500.0,-20.204082489,73.9536819458
7722430000.0,-20.2021179199,73.8987197876
7722437500.0,-20.2004184723,73.9688491821
7722445000.0,-20.1970157623,74.001159668
7722452500.0,-20.2043132782,74.0052261353
7722460000.0,-20.198223114,74.1298980713
7722467500.0,-20.1942996979,74.1611022949
7722475000.0,-20.2045936584,74.0500335693
7722482500.0,-20.1960506439,74.1356887817
7722490000.0,-20.1950321198,74.114692688
7722497500.0,-20.1984539032,74.1772613525
7722505000.0,-20.1875019073,74.1927719116
7722512500.0,-20.18800354,74.2142410278
7722520000.0,-20.187292099,74.1856994629
7722527500.0,-20.1874427795,74.2640228271
7722535000.0,-20.1886787415,74.2830276489
7722542500.0,-20.186422348,74.317741394
7722550000.0,-20.1934146881,74.3246307373
7722557500.0,-20.1841945648,74.3855209351
7722565000.0,-20.1931419373,74.4047164917
7722572500.0,-20.1809329987,74.3913726807
7722580000.0,-20.1952133179,74.4481506348
7722587500.0,-20.1857624054,74.5495376587
7722595000.0,-20.1921768188,74.3964996338
7722602500.0,-20.180929184,74.5634307861
7722610000.0,-20.1916408539,74.4872589111
7722617500.0,-20.1910610199,74.4998779297
7722625000.0,-20.1684341431,74.5513153076
7722632500.0,-20.1828422546,74.6148681641
7722640000.0,-20.1818580627,74.5843734741
7722647500.0,-20.1839828491,74.6064453125
7722655000.0,-20.1779117584,74.6687469482
7722662500.0,-20.1859226227,74.6342697144
7722670000.0,-20.1942920685,74.6801681519
7722677500.0,-20.1697502136,74.7644042969
7722685000.0,-20.1673793793,74.749671936
7722692500.0,-20.1713562012,74.7823867798
7722700000.0,-20.1759605408,74.8325424194
7722707500.0,-20.1770362854,74.8654403687
7722715000.0,-20.1800937653,74.8260726929
7722722500.0,-20.1730422974,74.8218307495
7722730000.0,-20.1715087891,74.9227600098
7722737500.0,-20.1683158875,74.9272155762
7722745000.0,-20.1731071472,74.9310379028
7722752500.0,-20.1721935272,74.8604888916
7722760000.0,-20.1835346222,74.9671401978
7722767500.0,-20.1660690308,74.9662094116
7722775000.0,-20.1759605408,75.0464782715
7722782500.0,-20.1653842926,75.0718307495
7722790000.0,-20.1666316986,75.0374450684
7722797500.0,-20.1633110046,75.2007751465
7722805000.0,-20.1586933136,75.1171264648
7722812500.0,-20.1627521515,75.1428222656
7722820000.0,-20.1686248779,75.1420593262
7722827500.0,-20.1736831665,75.1555252075
7722835000.0,-20.1592407227,75.17137146
7722842500.0,-20.1704063416,75.1763763428
7722850000.0,-20.162979126,75.2352600098
7722857500.0,-20.1540203094,75.2249298096
7722865000.0,-20.1493968964,75.2223358154
7722872500.0,-20.1593475342,75.3446044922
7722880000.0,-20.1575508118,75.3631591797
7722887500.0,-20.1671047211,75.3979721069
7722895000.0,-20.1534233093,75.4139480591
7722902500.0,-20.1628036499,75.4221878052
7722910000.0,-20.1591148376,75.4596939087
7722917500.0,-20.1605262756,75.3792037964
7722925000.0,-20.1501464844,75.4814453125
7722932500.0,-20.1592597961,75.4793624878
7722940000.0,-20.1596260071,75.5456924438
7722947500.0,-20.1580352783,75.6574554443
7722955000.0,-20.1573581696,75.6270370483
7722962500.0,-20.1656799316,75.5634765625
7722970000.0,-20.1647930145,75.6683425903
7722977500.0,-20.1640510559,75.7124099731
7722985000.0,-20.1560192108,75.7830047607
7722992500.0,-20.149974823,75.7257003784
7723000000.0,-20.1490020752,75.7172470093
7723007500.0,-20.1547203064,75.7471389771
7723015000.0,-20.1428833008,75.7186889648
7723022500.0,-20.1496582031,75.8177337646
7723030000.0,-20.1519832611,75.8335113525
7723037500.0,-20.153585434,75.8400115967
7723045000.0,-20.1467285156,75.8651046753
7723052500.0,-20.1483726501,75.9378051758
7723060000.0,-20.1518001556,75.9264907837
7723067500.0,-20.1509857178,76.0723495483
7723075000.0,-20.1538619995,76.034034729
7723082500.0,-20.1425609589,76.0692138672
7723090000.0,-20.1457748413,76.0172424316
7723097500.0,-20.1382732391,76.0500259399
7723105000.0,-20.1478347778,76.1025238037
7723112500.0,-20.1487007141,76.1010894775
7723120000.0,-20.1575107574,76.1142578125
7723127500.0,-20.1383934021,76.2144165039
7723135000.0,-20.1453876495,76.2140274048
7723142500.0,-20.1439247131,76.1832275391
7723150000.0,-20.1455516815,76.2745285034
7723157500.0,-20.1476898193,76.2935256958
7723165000.0,-20.1451683044,76.2618637085
7723172500.0,-20.1484375,76.2830276489
7723180000.0,-20.1327152252,76.3522872925
7723187500.0,-20.150598526,76.3115615845
7723195000.0,-20.1420478821,76.3630752563
7723202500.0,-20.1391201019,76.4541091919
7723210000.0,-20.1409797668,76.4597549438
7723217500.0,-20.1427612305,76.4859542847
7723225000.0,-20.1295013428,76.4773406982
7723232500.0,-20.1404933929,76.5281219482
7723240000.0,-20.142578125,76.538520813
7723247500.0,-20.1402606964,76.6423721313
7723255000.0,-20.1383876801,76.5892181396
7723262500.0,-20.1300621033,76.6782913208
7723270000.0,-20.1493225098,76.6773681641
7723277500.0,-20.1308193207,76.625289917
7723285000.0,-20.1468582153,76.6782913208
7723292500.0,-20.1368904114,76.8114776611
7723300000.0,-20.1327438354,76.7225799561
7723307500.0,-20.1365699768,76.7880706787
7723315000.0,-20.1300449371,76.8262939453
7723322500.0,-20.1289863586,76.872177124
7723330000.0,-20.1348609924,76.8812713623
7723337500.0,-20.1372528076,76.8920440674
7723345000.0,-20.1299934387,76.9214019775
7723352500.0,-20.1296329498,76.8966674805
7723360000.0,-20.1242713928,76.9524765015
7723367500.0,-20.1379966736,76.9775543213
7723375000.0,-20.1301841736,76.9939651489
7723382500.0,-20.132024765,77.0288391113
7723390000.0,-20.1268577576,77.0052185059
7723397500.0,-20.1322917938,77.1076278687
7723405000.0,-20.116519928,77.1221160889
7723412500.0,-20.1126670837,77.0655670166
7723420000.0,-20.1331481934,77.2332305908
7723427500.0,-20.1302719116,77.1872940063
7723435000.0,-20.1268215179,77.2154312134
7723442500.0,-20.126657486,77.2621459961
7723450000.0,-20.1161212921,77.3209991455
7723457500.0,-20.1326560974,77.3096542358
7723465000.0,-20.1169490814,77.3020324707
7723472500.0,-20.1265068054,77.3296661377
7723480000.0,-20.1141414642,77.4015579224
7723487500.0,-20.1195240021,77.3317184448
7723495000.0,-20.1358242035,77.4217910767
7723502500.0,-20.1147594452,77.4649124146
7723510000.0,-20.1218299866,77.438369751
7723517500.0,-20.1420650482,77.4349975586
7723525000.0,-20.115814209,77.517364502
7723532500.0,-20.1149120331,77.5137634277
7723540000.0,-20.1193790436,77.5699996948
7723547500.0,-20.1138648987,77.5919494629
7723555000.0,-20.1177787781,77.6512756348
7723562500.0,-20.1157875061,77.6745834351
7723570000.0,-20.1236381531,77.6821060181
7723577500.0,-20.1126499176,77.7295303345
7723585000.0,-20.1178379059,77.6914596558
7723592500.0,-20.1084690094,77.7415618896
7723600000.0,-20.1130695343,77.7088623047
7723607500.0,-20.1174869537,77.8449249268
7723615000.0,-20.1142578125,77.8730621338
7723622500.0,-20.1092147827,77.8365631104
7723630000.0,-20.106716156,77.8531494141
7723637500.0,-20.1276454926,77.926109314
7723645000.0,-20.1079330444,77.9287185669
7723652500.0,-20.1187000275,77.9880523682
7723660000.0,-20.1069545746,77.9216537476
7723667500.0,-20.1130123138,78.0323257446
7723675000.0,-20.109954834,78.0280227661
7723682500.0,-20.1142482758,78.1557922363
7723690000.0,-20.109161377,78.1468048096
7723697500.0,-20.11668396,78.1458969116
7723705000.0,-20.1109161377,78.1172866821
7723712500.0,-20.1102352142,78.2200469971
7723720000.0,-20.1109619141,78.1934432983
7723727500.0,-20.1083564758,78.299987793
7723735000.0,-20.1030921936,78.2536239624
7723742500.0,-20.1100349426,78.2805404663
7723750000.0,-20.1065940857,78.3249588013
7723757500.0,-20.1056671143,78.3591308594
7723765000.0,-20.10597229,78.3717651367
7723772500.0,-20.1093215942,78.440032959
7723780000.0,-20.1221504211,78.397315979
7723787500.0,-20.1065788269,78.4413146973
7723795000.0,-20.1040287018,78.5489273071
7723802500.0,-20.1075801849,78.4610366821
7723810000.0,-20.1148796082,78.542137146
7723817500.0,-20.1092453003,78.5871582031
7723825000.0,-20.1039962769,78.6098251343
7723832500.0,-20.1026916504,78.6300430298
7723840000.0,-20.1029644012,78.6168899536
7723847500.0,-20.1023044586,78.6148834229
7723855000.0,-20.1047420502,78.7320785522
7723862500.0,-20.1215820313,78.7237701416
7723870000.0,-20.1087017059,78.7539520264
7723877500.0,-20.1009922028,78.7802276611
7723885000.0,-20.108001709,78.8482131958
7723892500.0,-20.1105232239,78.8806991577
7723900000.0,-20.1011581421,78.8368682861
7723907500.0,-20.10820961,78.8729934692
7723915000.0,-20.1156330109,78.8559570313
7723922500.0,-20.1035919189,79.0016937256
7723930000.0,-20.0960540771,78.9386444092
7723937500.0,-20.1054840088,79.0594024658
7723945000.0,-20.1097011566,79.0604858398
7723952500.0,-20.1019535065,79.0093841553
7723960000.0,-20.1039218903,79.0888671875
7723967500.0,-20.1077957153,79.0388259888
7723975000.0,-20.1014156342,79.1196365356
7723982500.0,-20.110294342,79.1509628296
7723990000.0,-20.1056022644,79.1144485474
7723997500.0,-20.099647522,79.1667861938
7724005000.0,-20.1015033722,79.2576217651
7724012500.0,-20.10455513,79.3149719238
7724020000.0,-20.1023731232,79.3110733032
7724027500.0,-20.0916786194,79.3183822632
7724035000.0,-20.1038303375,79.3712692261
7724042500.0,-20.1065216064,79.3848266602
7724050000.0,-20.0933380127,79.3738708496
7724057500.0,-20.0969676971,79.4717483521
7724065000.0,-20.1125049591,79.4610977173
7724072500.0,-20.0968723297,79.5247497559
7724080000.0,-20.0935630798,79.5020904541
7724087500.0,-20.0901432037,79.549949646
7724095000.0,-20.0917854309,79.6017684937
7724102500.0,-20.0995368958,79.575958252
7724110000.0,-20.0858459473,79.6299057007
7724117500.0,-20.0909843445,79.6340179443
7724125000.0,-20.1081352234,79.71484375
7724132500.0,-20.1063518524,79.7172775269
7724140000.0,-20.0941696167,79.7691802979
7724147500.0,-20.1006126404,79.8297958374
7724155000.0,-20.1074409485,79.7977600098
7724162500.0,-20.0945644379,79.8786773682
7724170000.0,-20.0924434662,79.8064956665
7724177500.0,-20.0920543671,79.8371505737
7724185000.0,-20.0968532562,79.8591537476
7724192500.0,-20.088558197,79.9143676758
7724200000.0,-20.0907516479,79.9626312256
7724207500.0,-20.0932655334,79.996055603
7724215000.0,-20.0884590149,79.9946517944
7724222500.0,-20.0976753235,80.0512771606
7724230000.0,-20.0859661102,80.0817642212
7724237500.0,-20.1011886597,80.160446167
7724245000.0,-20.0881252289,80.1736068726
7724252500.0,-20.0827407837,80.184425354
7724260000.0,-20.0955867767,80.104598999
7724267500.0,-20.0823841095,80.2032775879
7724275000.0,-20.0932121277,80.3002700806
7724282500.0,-20.0927505493,80.2272109985
7724290000.0,-20.0821475983,80.2895126343
7724297500.0,-20.0933456421,80.2771911621
7724305000.0,-20.0970687866,80.3625259399
7724312500.0,-20.0920696259,80.4047393799
7724320000.0,-20.1007480621,80.3897247314
7724327500.0,-20.0823688507,80.4547348022
7724335000.0,-20.0811672211,80.4454956055
7724342500.0,-20.0989437103,80.4759674072
7724350000.0,-20.082244873,80.4829940796
7724357500.0,-20.0855102539,80.5448532104
7724365000.0,-20.0884284973,80.607963562
7724372500.0,-20.0888786316,80.6028213501
7724380000.0,-20.0863399506,80.6307067871
7724387500.0,-20.0901432037,80.5966262817
7724395000.0,-20.0832366943,80.7056121826
7724402500.0,-20.0930328369,80.7587356567
7724410000.0,-20.0886955261,80.7107620239
7724417500.0,-20.0800819397,80.7855682373
7724425000.0,-20.0911445618,80.8459243774
7724432500.0,-20.0933074951,80.8040237427
7724440000.0,-20.0907402039,80.807182312
7724447500.0,-20.0920066833,80.8929595947
7724455000.0,-20.0766963959,80.8914031982
7724462500.0,-20.079044342,80.9666671753
7724470000.0,-20.0770111084,81.0090179443
7724477500.0,-20.0887489319,81.0691986084
7724485000.0,-20.0908603668,81.0321578979
7724492500.0,-20.0876903534,81.0735626221
7724500000.0,-20.0891475677,81.1104278564
7724507500.0,-20.0787639618,81.1279296875
7724515000.0,-20.0752677917,81.1164016724
7724522500.0,-20.0746479034,81.1411437988
7724530000.0,-20.0796165466,81.2156143188
7724537500.0,-20.0788936615,81.1793899536
7724545000.0,-20.0902080536,81.2366714478
7724552500.0,-20.0801563263,81.2549743652
7724560000.0,-20.0889606476,81.3238372803
7724567500.0,-20.0803279877,81.2629394531
7724575000.0,-20.0817146301,81.3861465454
7724582500.0,-20.0855503082,81.3899612427
7724590000.0,-20.0854930878,81.4281158447
7724597500.0,-20.0819721222,81.4619140625
7724605000.0,-20.0866680145,81.506362915
7724612500.0,-20.0802230835,81.5357818604
7724620000.0,-20.0923500061,81.5585708618
7724627500.0,-20.0849819183,81.5748519897
7724635000.0,-20.0884838104,81.5947265625
7724642500.0,-20.0764102936,81.6260604858
7724650000.0,-20.0745429993,81.6349639893
7724657500.0,-20.075422287,81.6879882813
7724665000.0,-20.073299408,81.7025299072
7724672500.0,-20.0747108459,81.7574691772
7724680000.0,-20.0886573792,81.8017654419
7724687500.0,-20.0714473724,81.8239593506
7724695000.0,-20.0762176514,81.8935317993
7724702500.0,-20.0793037415,81.8826980591
7724710000.0,-20.0884208679,81.8943328857
7724717500.0,-20.0722370148,81.9030990601
7724725000.0,-20.0755519867,81.9284973145
7724732500.0,-20.077047348,81.9214019775
7724740000.0,-20.072725296,81.9238739014
7724747500.0,-20.0735340118,82.0935668945
7724755000.0,-20.0755138397,82.0218200684
7724762500.0,-20.0789909363,82.0616455078
7724770000.0,-20.0690345764,82.1127929688
7724777500.0,-20.069688797,82.1247406006
7724785000.0,-20.0798587799,82.1576843262
7724792500.0,-20.0648174286,82.2591552734
7724800000.0,-20.0842666626,82.2372817993
7724807500.0,-20.0745716095,82.2285385132
7724815000.0,-20.0829544067,82.3618621826
7724822500.0,-20.0749435425,82.3749465942
7724830000.0,-20.0785980225,82.2819442749
7724837500.0,-20.0820064545,82.3706588745
7724845000.0,-20.0679893494,82.3822097778
7724852500.0,-20.0765838623,82.3787307739
7724860000.0,-20.0681266785,82.4553985596
7724867500.0,-20.0724868774,82.4676361084
7724875000.0,-20.067029953,82.4606323242
7724882500.0,-20.0763187408,82.549949646
7724890000.0,-20.0721988678,82.5388259888
7724897500.0,-20.0755653381,82.6385726929
7724905000.0,-20.0759983063,82.6296463013
7724912500.0,-20.0901870728,82.6356430054
7724920000.0,-20.0746192932,82.6874542236
7724927500.0,-20.0655822754,82.7150344849
7724935000.0,-20.0552692413,82.7456130981
7724942500.0,-20.0621414185,82.8194656372
7724950000.0,-20.073299408,82.8335952759
7724957500.0,-20.0643177032,82.778717041
7724965000.0,-20.07579422,82.8658599854
7724972500.0,-20.0612068176,82.9374847412
7724980000.0,-20.076921463,82.9531097412
7724987500.0,-20.0573425293,82.9105834961
7724995000.0,-20.0716705322,82.9526748657
7725002500.0,-20.0659389496,82.9976730347
7725010000.0,-20.0598201752,83.060295105
7725017500.0,-20.076379776,83.1678771973
7725025000.0,-20.0742492676,83.1459503174
7725032500.0,-20.0660381317,83.1031951904
7725040000.0,-20.0754776001,83.1599884033
7725047500.0,-20.0601921082,83.2134170532
7725055000.0,-20.0831489563,83.1997375488
7725062500.0,-20.0699501038,83.2672195435
7725070000.0,-20.0659828186,83.2315292358
7725077500.0,-20.0732002258,83.2941818237
7725085000.0,-20.0768318176,83.2922515869
7725092500.0,-20.0721340179,83.3768234253
7725100000.0,-20.0660057068,83.4300384521
7725107500.0,-20.0595149994,83.4808959961
7725115000.0,-20.0734424591,83.4189147949
7725122500.0,-20.0676040649,83.4186935425
7725130000.0,-20.0669441223,83.6108016968
7725137500.0,-20.0606479645,83.5841140747
7725145000.0,-20.0622444153,83.5599136353
7725152500.0,-20.0676898956,83.619140625
7725160000.0,-20.0590305328,83.5568847656
7725167500.0,-20.063659668,83.70337677
7725175000.0,-20.0605983734,83.6733932495
7725182500.0,-20.0586891174,83.6966094971
7725190000.0,-20.0612602234,83.7691574097
7725197500.0,-20.0632686615,83.7256851196
7725205000.0,-20.0627002716,83.7706680298
7725212500.0,-20.0693225861,83.799156189
7725220000.0,-20.0673236847,83.9221954346
7725227500.0,-20.0690517426,83.9560165405
7725235000.0,-20.0703048706,83.8767547607
7725242500.0,-20.0624370575,84.0195465088
7725250000.0,-20.0595970154,83.9985198975
7725257500.0,-20.0640335083,84.0205459595
7725265000.0,-20.070690155,83.993560791
7725272500.0,-20.0608596802,84.1518096924
7725280000.0,-20.077123642,84.032081604
7725287500.0,-20.0576534271,84.1307830811
7725295000.0,-20.0642414093,84.1309356689
7725302500.0,-20.0542831421,84.1267089844
7725310000.0,-20.0691261292,84.2247695923
7725317500.0,-20.065776825,84.2341842651
7725325000.0,-20.0638141632,84.2604751587
7725332500.0,-20.0613307953,84.3615493774
7725340000.0,-20.056810379,84.2845230103
7725347500.0,-20.0624275208,84.3556671143
7725355000.0,-20.063659668,84.4149017334
7725362500.0,-20.0567855835,84.4617614746
7725370000.0,-20.0635070801,84.3571472168
7725377500.0,-20.0475921631,84.4498291016
7725385000.0,-20.0639286041,84.4830093384
7725392500.0,-20.0669307709,84.5597991943
7725400000.0,-20.0560646057,84.4774093628
7725407500.0,-20.0637989044,84.6168899536
7725415000.0,-20.0650691986,84.7020263672
7725422500.0,-20.0542984009,84.6605911255
7725430000.0,-20.0500793457,84.7325897217
7725437500.0,-20.0649719238,84.6608428955
7725445000.0,-20.0544166565,84.6767959595
7725452500.0,-20.052740097,84.7373733521
7725460000.0,-20.057050705,84.8109893799
7725467500.0,-20.0533885956,84.9010314941
7725475000.0,-20.0533809662,84.8449935913
7725482500.0,-20.0636119843,84.8252868652
7725490000.0,-20.0655384064,84.838104248
7725497500.0,-20.0686340332,84.8985290527
7725505000.0,-20.0521278381,84.9621429443
7725512500.0,-20.058511734,85.0002746582
7725520000.0,-20.0674743652,85.0906295776
7725527500.0,-20.0674972534,85.0533065796
7725535000.0,-20.0529766083,85.0841293335
7725542500.0,-20.0581665039,85.1845092773
7725550000.0,-20.067150116,85.1493148804
7725557500.0,-20.0555610657,85.1696929932
7725565000.0,-20.0545654297,85.2185745239
7725572500.0,-20.0672645569,85.2037200928
7725580000.0,-20.0541248322,85.3170166016
7725587500.0,-20.0605239868,85.2987289429
7725595000.0,-20.0586051941,85.3465957642
7725602500.0,-20.0548248291,85.3426895142
7725610000.0,-20.0447063446,85.3766174316
7725617500.0,-20.0494327545,85.417930603
7725625000.0,-20.0570869446,85.4959259033
7725632500.0,-20.0505104065,85.5172195435
7725640000.0,-20.0566749573,85.5391845703
7725647500.0,-20.0537071228,85.5762557983
7725655000.0,-20.0559577942,85.6338043213
7725662500.0,-20.0453929901,85.6478500366
7725670000.0,-20.0634040833,85.6741485596
7725677500.0,-20.0559806824,85.7602462769
7725685000.0,-20.0512828827,85.7628173828
7725692500.0,-20.0576324463,85.7314147949
7725700000.0,-20.0461368561,85.7841415405
